id,prefecture_id,name,yomi,
1,1,檜山郡江差町,ヒヤマグンエサシチョウ,1
2,1,札幌市東区,サッポロシヒガシク,2
3,1,常呂郡訓子府町,トコログンクンネップチョウ,3
4,1,上川郡東神楽町,カミカワグンヒガシカグラチョウ,4
5,1,網走郡美幌町,アバシリグンビホロチョウ,5
6,1,江別市,エベツシ,6
7,1,帯広市,オビヒロシ,7
8,1,夕張郡長沼町,ユウバリグンナガヌマチョウ,8
9,1,上磯郡知内町,カミイソグンシリウチチョウ,9
10,1,上川郡東川町,カミカワグンヒガシカワチョウ,10
11,1,勇払郡むかわ町,ユウフツグンムカワチョウ,11
12,1,富良野市,フラノシ,12
13,1,色丹郡色丹村,シコタングンショクニムラ,13
14,1,檜山郡上ノ国町,ヒヤマグンカミノクニチョウ,14
15,1,釧路市,クシロシ,15
16,1,樺戸郡新十津川町,カバトグンシントツカワチョウ,16
17,1,上川郡和寒町,カミカワグンワッサムチョウ,17
18,1,登別市,ノボリベツシ,18
19,1,中川郡美深町,ナカガワグンビフカチョウ,19
20,1,網走郡大空町,アバシリグンオオゾラチョウ,20
21,1,茅部郡鹿部町,カヤベグンシカベチョウ,21
22,1,札幌市豊平区,サッポロシトヨヒラク,22
23,1,国後郡留夜別村,クナシリグントマリヨルベツムラ,23
24,1,室蘭市,ムロランシ,24
25,1,上川郡剣淵町,カミカワグンケンブチチョウ,25
26,1,稚内市,ワッカナイシ,26
27,1,阿寒郡鶴居村,アカングンツルイムラ,27
28,1,虻田郡留寿都村,アブタグンルスツムラ,28
29,1,厚岸郡厚岸町,アッケシグンアッケシチョウ,29
30,1,夕張郡由仁町,ユウバリグンユニチョウ,30
31,1,札幌市中央区,サッポロシチュウオウク,31
32,1,十勝郡浦幌町,トカチグンウラホロチョウ,32
33,1,雨竜郡妹背牛町,ウリュウグンモセウシチョウ,33
34,1,新冠郡新冠町,ニイカップグンニイカップチョウ,34
35,1,沙流郡平取町,サルグンビラトリチョウ,35
36,1,上川郡当麻町,カミカワグントウマチョウ,36
37,1,札幌市手稲区,サッポロシテイネク,37
38,1,爾志郡乙部町,ニシグンオトベチョウ,38
39,1,中川郡池田町,ナカガワグンイケダチョウ,39
40,1,紗那郡紗那村,シャナグンシャナムラ,40
41,1,亀田郡七飯町,カメダグンナナエチョウ,41
42,1,恵庭市,エニワシ,42
43,1,中川郡豊頃町,ナカガワグントヨコロチョウ,43
44,1,空知郡上砂川町,ソラチグンカミスナガワチョウ,44
45,1,河東郡音更町,カトウグンオトフケチョウ,45
46,1,網走市,アバシリシ,46
47,1,紋別郡滝上町,モンベツグンタキノウエチョウ,47
48,1,利尻郡利尻町,リシリグンリシリチョウ,48
49,1,二海郡八雲町,フタミグンヤクモチョウ,49
50,1,浦河郡浦河町,ウラカワグンウラカワチョウ,50
51,1,余市郡仁木町,ヨイチグンニキチョウ,51
52,1,天塩郡遠別町,テシオグンエンベツチョウ,52
53,1,函館市,ハコダテシ,53
54,1,空知郡奈井江町,ソラチグンナイエチョウ,54
55,1,斜里郡小清水町,シャリグンコシミズチョウ,55
56,1,上磯郡木古内町,カミイソグンキコナイチョウ,56
57,1,檜山郡厚沢部町,ヒヤマグンアッサブチョウ,57
58,1,枝幸郡枝幸町,エサシグンエサシチョウ,58
59,1,上川郡下川町,カミカワグンシモカワチョウ,59
60,1,虻田郡倶知安町,アブタグンクッチャンチョウ,60
61,1,小樽市,オタルシ,61
62,1,士別市,シベツシ,62
63,1,標津郡標津町,シベツグンシベツチョウ,63
64,1,余市郡余市町,ヨイチグンヨイチチョウ,64
65,1,常呂郡置戸町,トコログンオケトチョウ,65
66,1,松前郡福島町,マツマエグンフクシマチョウ,66
67,1,河西郡更別村,カサイグンサラベツムラ,67
68,1,歌志内市,ウタシナイシ,68
69,1,上川郡鷹栖町,カミカワグンタカスチョウ,69
70,1,山越郡長万部町,ヤマコシグンオシャマンベチョウ,70
71,1,空知郡南富良野町,ソラチグンミナミフラノチョウ,71
72,1,白糠郡白糠町,シラヌカグンシラヌカチョウ,72
73,1,野付郡別海町,ノツケグンベツカイチョウ,73
74,1,三笠市,ミカサシ,74
75,1,足寄郡足寄町,アショログンアショロチョウ,75
76,1,空知郡南幌町,ソラチグンナンポロチョウ,76
77,1,勇払郡厚真町,ユウフツグンアツマチョウ,77
78,1,中川郡本別町,ナカガワグンホンベツチョウ,78
79,1,砂川市,スナガワシ,79
80,1,蘂取郡蘂取村,シベトリグンシベトリムラ,80
81,1,樺戸郡浦臼町,カバトグンウラウスチョウ,81
82,1,川上郡弟子屈町,カワカミグンテシカガチョウ,82
83,1,深川市,フカガワシ,83
84,1,久遠郡せたな町,クドウグンセタナチョウ,84
85,1,天塩郡幌延町,テシオグンホロノベチョウ,85
86,1,勇払郡占冠村,ユウフツグンシムカップムラ,86
87,1,紋別郡遠軽町,モンベツグンエンガルチョウ,87
88,1,雨竜郡秩父別町,ウリュウグンチップベツチョウ,88
89,1,中川郡中川町,ナカガワグンナカガワチョウ,89
90,1,厚岸郡浜中町,アッケシグンハマナカチョウ,90
91,1,空知郡上富良野町,ソラチグンカミフラノチョウ,91
92,1,常呂郡佐呂間町,トコログンサロマチョウ,92
93,1,積丹郡積丹町,シャコタングンシャコタンチョウ,93
94,1,札幌市北区,サッポロシキタク,94
95,1,瀬棚郡今金町,セタナグンイマカネチョウ,95
96,1,苫前郡羽幌町,トママエグンハボロチョウ,96
97,1,択捉郡留別村,エトロフグンリュウベツムラ,97
98,1,岩内郡共和町,イワナイグンキョウワチョウ,98
99,1,松前郡松前町,マツマエグンマツマエチョウ,99
100,1,斜里郡斜里町,シャリグンシャリチョウ,100
101,1,上川郡美瑛町,カミカワグンビエイチョウ,101
102,1,目梨郡羅臼町,メナシグンラウスチョウ,102
103,1,古宇郡泊村,フルウグントマリムラ,103
104,1,寿都郡黒松内町,スッツグンクロマツナイチョウ,104
105,1,広尾郡広尾町,ヒロオグンヒロオチョウ,105
106,1,札幌市西区,サッポロシニシク,106
107,1,中川郡音威子府村,ナカガワグンオトイネップムラ,107
108,1,滝川市,タキカワシ,108
109,1,中川郡幕別町,ナカガワグンマクベツチョウ,109
110,1,札幌市南区,サッポロシミナミク,110
111,1,上川郡上川町,カミカワグンカミカワチョウ,111
112,1,上川郡新得町,カミカワグンシントクチョウ,112
113,1,島牧郡島牧村,シママキグンシママキムラ,113
114,1,紋別郡雄武町,モンベツグンオウムチョウ,114
115,1,岩内郡岩内町,イワナイグンイワナイチョウ,115
116,1,北斗市,ホクトシ,116
117,1,白老郡白老町,シラオイグンシラオイチョウ,117
118,1,美唄市,ビバイシ,118
119,1,紋別郡西興部村,モンベツグンニシオコッペムラ,119
120,1,札幌市白石区,サッポロシシロイシク,120
121,1,虻田郡豊浦町,アブタグントヨウラチョウ,121
122,1,足寄郡陸別町,アショログンリクベツチョウ,122
123,1,河東郡上士幌町,カトウグンカミシホロチョウ,123
124,1,雨竜郡北竜町,ウリュウグンホクリュウチョウ,124
125,1,名寄市,ナヨロシ,125
126,1,寿都郡寿都町,スッツグンスッツチョウ,126
127,1,国後郡泊村,クナシリグントマリソン,127
128,1,伊達市,ダテシ,128
129,1,礼文郡礼文町,レブングンレブンチョウ,129
130,1,標津郡中標津町,シベツグンナカシベツチョウ,130
131,1,岩見沢市,イワミザワシ,131
132,1,磯谷郡蘭越町,イソヤグンランコシチョウ,132
133,1,上川郡比布町,カミカワグンピップチョウ,133
134,1,雨竜郡幌加内町,ウリュウグンホロカナイチョウ,134
135,1,様似郡様似町,サマニグンサマニチョウ,135
136,1,日高郡新ひだか町,ヒダカグンシンヒダカチョウ,136
137,1,紋別郡湧別町,モンベツグンユウベツチョウ,137
138,1,広尾郡大樹町,ヒロオグンタイキチョウ,138
139,1,天塩郡豊富町,テシオグントヨトミチョウ,139
140,1,釧路郡釧路町,クシログンクシロチョウ,140
141,1,河東郡鹿追町,カトウグンシカオイチョウ,141
142,1,上川郡清水町,カミカワグンシミズチョウ,142
143,1,石狩郡当別町,イシカリグントウベツチョウ,143
144,1,夕張市,ユウバリシ,144
145,1,枝幸郡浜頓別町,エサシグンハマトンベツチョウ,145
146,1,石狩郡新篠津村,イシカリグンシンシノツムラ,146
147,1,苫前郡初山別村,トママエグンショサンベツムラ,147
148,1,空知郡中富良野町,ソラチグンナカフラノチョウ,148
149,1,幌泉郡えりも町,ホロイズミグンエリモチョウ,149
150,1,北広島市,キタヒロシマシ,150
151,1,斜里郡清里町,シャリグンキヨサトチョウ,151
152,1,根室市,ネムロシ,152
153,1,千歳市,チトセシ,153
154,1,石狩市,イシカリシ,154
155,1,芦別市,アシベツシ,155
156,1,虻田郡ニセコ町,アブタグンニセコチョウ,156
157,1,雨竜郡雨竜町,ウリュウグンウリュウチョウ,157
158,1,旭川市,アサヒカワシ,158
159,1,勇払郡安平町,ユウフツグンアビラチョウ,159
160,1,赤平市,アカビラシ,160
161,1,古宇郡神恵内村,フルウグンカモエナイムラ,161
162,1,河西郡芽室町,カサイグンメムロチョウ,162
163,1,夕張郡栗山町,ユウバリグンクリヤマチョウ,163
164,1,紋別郡興部町,モンベツグンオコッペチョウ,164
165,1,河東郡士幌町,カトウグンシホロチョウ,165
166,1,雨竜郡沼田町,ウリュウグンヌマタチョウ,166
167,1,余市郡赤井川村,ヨイチグンアカイガワムラ,167
168,1,虻田郡喜茂別町,アブタグンキモベツチョウ,168
169,1,沙流郡日高町,サルグンヒダカチョウ,169
170,1,枝幸郡中頓別町,エサシグンナカトンベツチョウ,170
171,1,苫前郡苫前町,トママエグントママエチョウ,171
172,1,茅部郡森町,カヤベグンモリマチ,172
173,1,宗谷郡猿払村,ソウヤグンサルフツムラ,173
174,1,虻田郡真狩村,アブタグンマッカリムラ,174
175,1,留萌市,ルモイシ,175
176,1,有珠郡壮瞥町,ウスグンソウベツチョウ,176
177,1,天塩郡天塩町,テシオグンテシオチョウ,177
178,1,上川郡愛別町,カミカワグンアイベツチョウ,178
179,1,網走郡津別町,アバシリグンツベツチョウ,179
180,1,古平郡古平町,フルビラグンフルビラチョウ,180
181,1,札幌市清田区,サッポロシキヨタク,181
182,1,紋別市,モンベツシ,182
183,1,札幌市厚別区,サッポロシアツベツク,183
184,1,河西郡中札内村,カサイグンナカサツナイムラ,184
185,1,川上郡標茶町,カワカミグンシベチャチョウ,185
186,1,北見市,キタミシ,186
187,1,苫小牧市,トマコマイシ,187
188,1,樺戸郡月形町,カバトグンツキガタチョウ,188
189,1,虻田郡京極町,アブタグンキョウゴクチョウ,189
190,1,留萌郡小平町,ルモイグンオビラチョウ,190
191,1,虻田郡洞爺湖町,アブタグントウヤコチョウ,191
192,1,奥尻郡奥尻町,オクシリグンオクシリチョウ,192
193,1,利尻郡利尻富士町,リシリグンリシリフジチョウ,193
194,1,増毛郡増毛町,マシケグンマシケチョウ,194
195,2,上北郡六ヶ所村,カミキタグンロッカショムラ,195
196,2,南津軽郡藤崎町,ミナミツガルグンフジサキマチ,196
197,2,東津軽郡外ヶ浜町,ヒガシツガルグンソトガハママチ,197
198,2,八戸市,ハチノヘシ,198
199,2,南津軽郡田舎館村,ミナミツガルグンイナカダテムラ,199
200,2,北津軽郡板柳町,キタツガルグンイタヤナギマチ,200
201,2,十和田市,トワダシ,201
202,2,上北郡七戸町,カミキタグンシチノヘマチ,202
203,2,下北郡東通村,シモキタグンヒガシドオリムラ,203
204,2,東津軽郡平内町,ヒガシツガルグンヒラナイマチ,204
205,2,黒石市,クロイシシ,205
206,2,上北郡東北町,カミキタグントウホクマチ,206
207,2,下北郡佐井村,シモキタグンサイムラ,207
208,2,下北郡風間浦村,シモキタグンカザマウラムラ,208
209,2,上北郡横浜町,カミキタグンヨコハママチ,209
210,2,北津軽郡鶴田町,キタツガルグンツルタマチ,210
211,2,西津軽郡深浦町,ニシツガルグンフカウラマチ,211
212,2,中津軽郡西目屋村,ナカツガルグンニシメヤムラ,212
213,2,平川市,ヒラカワシ,213
214,2,三戸郡階上町,サンノヘグンハシカミチョウ,214
215,2,三戸郡三戸町,サンノヘグンサンノヘマチ,215
216,2,上北郡おいらせ町,カミキタグンオイラセチョウ,216
217,2,下北郡大間町,シモキタグンオオママチ,217
218,2,上北郡六戸町,カミキタグンロクノヘマチ,218
219,2,北津軽郡中泊町,キタツガルグンナカドマリマチ,219
220,2,三戸郡新郷村,サンノヘグンシンゴウムラ,220
221,2,青森市,アオモリシ,221
222,2,三沢市,ミサワシ,222
223,2,三戸郡五戸町,サンノヘグンゴノヘマチ,223
224,2,東津軽郡今別町,ヒガシツガルグンイマベツマチ,224
225,2,つがる市,ツガルシ,225
226,2,むつ市,ムツシ,226
227,2,五所川原市,ゴショガワラシ,227
228,2,三戸郡田子町,サンノヘグンタッコマチ,228
229,2,上北郡野辺地町,カミキタグンノヘジマチ,229
230,2,弘前市,ヒロサキシ,230
231,2,東津軽郡蓬田村,ヒガシツガルグンヨモギタムラ,231
232,2,南津軽郡大鰐町,ミナミツガルグンオオワニマチ,232
233,2,西津軽郡鰺ヶ沢町,ニシツガルグンアジガサワマチ,233
234,2,三戸郡南部町,サンノヘグンナンブチョウ,234
235,3,釜石市,カマイシシ,235
236,3,岩手郡雫石町,イワテグンシズクイシチョウ,236
237,3,和賀郡西和賀町,ワガグンニシワガマチ,237
238,3,西磐井郡平泉町,ニシイワイグンヒライズミチョウ,238
239,3,九戸郡軽米町,クノヘグンカルマイマチ,239
240,3,九戸郡野田村,クノヘグンノダムラ,240
241,3,下閉伊郡岩泉町,シモヘイグンイワイズミチョウ,241
242,3,下閉伊郡山田町,シモヘイグンヤマダマチ,242
243,3,紫波郡矢巾町,シワグンヤハバチョウ,243
244,3,下閉伊郡田野畑村,シモヘイグンタノハタムラ,244
245,3,宮古市,ミヤコシ,245
246,3,二戸市,ニノヘシ,246
247,3,九戸郡洋野町,クノヘグンヒロノチョウ,247
248,3,八幡平市,ハチマンタイシ,248
249,3,大船渡市,オオフナトシ,249
250,3,九戸郡九戸村,クノヘグンクノヘムラ,250
251,3,久慈市,クジシ,251
252,3,北上市,キタカミシ,252
253,3,気仙郡住田町,ケセングンスミタチョウ,253
254,3,二戸郡一戸町,ニノヘグンイチノヘマチ,254
255,3,滝沢市,タキザワシ,255
256,3,遠野市,トオノシ,256
257,3,岩手郡岩手町,イワテグンイワテマチ,257
258,3,陸前高田市,リクゼンタカタシ,258
259,3,胆沢郡金ケ崎町,イサワグンカネガサキチョウ,259
260,3,盛岡市,モリオカシ,260
261,3,一関市,イチノセキシ,261
262,3,岩手郡葛巻町,イワテグンクズマキマチ,262
263,3,下閉伊郡普代村,シモヘイグンフダイムラ,263
264,3,奥州市,オウシュウシ,264
265,3,花巻市,ハナマキシ,265
266,3,上閉伊郡大槌町,カミヘイグンオオツチチョウ,266
267,3,紫波郡紫波町,シワグンシワチョウ,267
268,4,黒川郡大郷町,クロカワグンオオサトチョウ,268
269,4,牡鹿郡女川町,オシカグンオナガワチョウ,269
270,4,遠田郡美里町,トオダグンミサトマチ,270
271,4,亘理郡亘理町,ワタリグンワタリチョウ,271
272,4,登米市,トメシ,272
273,4,仙台市宮城野区,センダイシミヤギノク,273
274,4,黒川郡大和町,クロカワグンタイワチョウ,274
275,4,白石市,シロイシシ,275
276,4,仙台市泉区,センダイシイズミク,276
277,4,柴田郡大河原町,シバタグンオオガワラマチ,277
278,4,気仙沼市,ケセンヌマシ,278
279,4,富谷市,トミヤマシ,279
280,4,宮城郡松島町,ミヤギグンマツシママチ,280
281,4,亘理郡山元町,ワタリグンヤマモトチョウ,281
282,4,伊具郡丸森町,イググンマルモリマチ,282
283,4,大崎市,オオサキシ,283
284,4,遠田郡涌谷町,トオダグンワクヤチョウ,284
285,4,仙台市太白区,センダイシタイハクク,285
286,4,柴田郡村田町,シバタグンムラタマチ,286
287,4,宮城郡七ヶ浜町,ミヤギグンシチガハママチ,287
288,4,宮城郡利府町,ミヤギグンリフチョウ,288
289,4,角田市,カクダシ,289
290,4,仙台市青葉区,センダイシアオバク,290
291,4,栗原市,クリハラシ,291
292,4,岩沼市,イワヌマシ,292
293,4,加美郡色麻町,カミグンシカマチョウ,293
294,4,塩竈市,シオガマシ,294
295,4,東松島市,ヒガシマツシマシ,295
296,4,石巻市,イシノマキシ,296
297,4,多賀城市,タガジョウシ,297
298,4,柴田郡柴田町,シバタグンシバタマチ,298
299,4,加美郡加美町,カミグンカミマチ,299
300,4,黒川郡富谷町,クロカワグントミヤマチ,300
301,4,黒川郡大衡村,クロカワグンオオヒラムラ,301
302,4,刈田郡七ヶ宿町,カッタグンシチカシュクマチ,302
303,4,柴田郡川崎町,シバタグンカワサキマチ,303
304,4,仙台市若林区,センダイシワカバヤシク,304
305,4,本吉郡南三陸町,モトヨシグンミナミサンリクチョウ,305
306,4,名取市,ナトリシ,306
307,4,刈田郡蔵王町,カッタグンザオウマチ,307
308,5,山本郡藤里町,ヤマモトグンフジサトマチ,308
309,5,湯沢市,ユザワシ,309
310,5,北秋田郡上小阿仁村,キタアキタグンカミコアニムラ,310
311,5,仙北郡美郷町,センボクグンミサトチョウ,311
312,5,鹿角郡小坂町,カヅノグンコサカマチ,312
313,5,南秋田郡五城目町,ミナミアキタグンゴジョウメマチ,313
314,5,由利本荘市,ユリホンジョウシ,314
315,5,大館市,オオダテシ,315
316,5,雄勝郡東成瀬村,オガチグンヒガシナルセムラ,316
317,5,横手市,ヨコテシ,317
318,5,仙北市,センボクシ,318
319,5,南秋田郡八郎潟町,ミナミアキタグンハチロウガタマチ,319
320,5,山本郡三種町,ヤマモトグンミタネチョウ,320
321,5,雄勝郡羽後町,オガチグンウゴマチ,321
322,5,男鹿市,オガシ,322
323,5,秋田市,アキタシ,323
324,5,能代市,ノシロシ,324
325,5,南秋田郡井川町,ミナミアキタグンイカワマチ,325
326,5,鹿角市,カヅノシ,326
327,5,潟上市,カタガミシ,327
328,5,山本郡八峰町,ヤマモトグンハッポウチョウ,328
329,5,にかほ市,ニカホシ,329
330,5,大仙市,ダイセンシ,330
331,5,南秋田郡大潟村,ミナミアキタグンオオガタムラ,331
332,5,北秋田市,キタアキタシ,332
333,6,西村山郡西川町,ニシムラヤマグンニシカワマチ,333
334,6,東田川郡庄内町,ヒガシタガワグンショウナイマチ,334
335,6,寒河江市,サガエシ,335
336,6,最上郡最上町,モガミグンモガミマチ,336
337,6,上山市,カミノヤマシ,337
338,6,長井市,ナガイシ,338
339,6,西村山郡大江町,ニシムラヤマグンオオエマチ,339
340,6,天童市,テンドウシ,340
341,6,北村山郡大石田町,キタムラヤマグンオオイシダマチ,341
342,6,西村山郡朝日町,ニシムラヤマグンアサヒマチ,342
343,6,最上郡大蔵村,モガミグンオオクラムラ,343
344,6,東村山郡中山町,ヒガシムラヤマグンナカヤママチ,344
345,6,最上郡鮭川村,モガミグンサケガワムラ,345
346,6,東村山郡山辺町,ヒガシムラヤマグンヤマノベマチ,346
347,6,山形市,ヤマガタシ,347
348,6,酒田市,サカタシ,348
349,6,東田川郡三川町,ヒガシタガワグンミカワマチ,349
350,6,村山市,ムラヤマシ,350
351,6,尾花沢市,オバナザワシ,351
352,6,最上郡金山町,モガミグンカネヤママチ,352
353,6,東置賜郡高畠町,ヒガシオキタマグンタカハタマチ,353
354,6,西村山郡河北町,ニシムラヤマグンカホクチョウ,354
355,6,米沢市,ヨネザワシ,355
356,6,東根市,ヒガシネシ,356
357,6,新庄市,シンジョウシ,357
358,6,東置賜郡川西町,ヒガシオキタマグンカワニシマチ,358
359,6,飽海郡遊佐町,アクミグンユザマチ,359
360,6,最上郡戸沢村,モガミグントザワムラ,360
361,6,最上郡真室川町,モガミグンマムロガワマチ,361
362,6,西置賜郡小国町,ニシオキタマグンオグニマチ,362
363,6,南陽市,ナンヨウシ,363
364,6,西置賜郡飯豊町,ニシオキタマグンイイデマチ,364
365,6,最上郡舟形町,モガミグンフナガタマチ,365
366,6,西置賜郡白鷹町,ニシオキタマグンシラタカマチ,366
367,6,鶴岡市,ツルオカシ,367
368,7,双葉郡川内村,フタバグンカワウチムラ,368
369,7,田村郡三春町,タムラグンミハルマチ,369
370,7,河沼郡柳津町,カワヌマグンヤナイヅマチ,370
371,7,南相馬市,ミナミソウマシ,371
372,7,南会津郡只見町,ミナミアイヅグンタダミマチ,372
373,7,東白川郡塙町,ヒガシシラカワグンハナワマチ,373
374,7,西白河郡西郷村,ニシシラカワグンニシゴウムラ,374
375,7,石川郡石川町,イシカワグンイシカワマチ,375
376,7,東白川郡棚倉町,ヒガシシラカワグンタナグラマチ,376
377,7,双葉郡浪江町,フタバグンナミエマチ,377
378,7,石川郡古殿町,イシカワグンフルドノマチ,378
379,7,伊達郡桑折町,ダテグンコオリマチ,379
380,7,本宮市,モトミヤシ,380
381,7,西白河郡泉崎村,ニシシラカワグンイズミザキムラ,381
382,7,双葉郡双葉町,フタバグンフタバマチ,382
383,7,須賀川市,スカガワシ,383
384,7,安達郡大玉村,アダチグンオオタマムラ,384
385,7,東白川郡鮫川村,ヒガシシラカワグンサメガワムラ,385
386,7,双葉郡広野町,フタバグンヒロノマチ,386
387,7,伊達市,ダテシ,387
388,7,伊達郡国見町,ダテグンクニミマチ,388
389,7,耶麻郡猪苗代町,ヤマグンイナワシロマチ,389
390,7,西白河郡矢吹町,ニシシラカワグンヤブキマチ,390
391,7,田村市,タムラシ,391
392,7,双葉郡楢葉町,フタバグンナラハマチ,392
393,7,大沼郡昭和村,オオヌマグンショウワムラ,393
394,7,南会津郡南会津町,ミナミアイヅグンミナミアイヅマチ,394
395,7,相馬市,ソウマシ,395
396,7,河沼郡湯川村,カワヌマグンユガワムラ,396
397,7,大沼郡金山町,オオヌマグンカネヤママチ,397
398,7,大沼郡会津美里町,オオヌマグンアイヅミサトマチ,398
399,7,福島市,フクシマシ,399
400,7,石川郡平田村,イシカワグンヒラタムラ,400
401,7,岩瀬郡天栄村,イワセグンテンエイムラ,401
402,7,二本松市,ニホンマツシ,402
403,7,相馬郡新地町,ソウマグンシンチマチ,403
404,7,郡山市,コオリヤマシ,404
405,7,耶麻郡西会津町,ヤマグンニシアイヅマチ,405
406,7,耶麻郡磐梯町,ヤマグンバンダイマチ,406
407,7,双葉郡大熊町,フタバグンオオクママチ,407
408,7,河沼郡会津坂下町,カワヌマグンアイヅバンゲマチ,408
409,7,田村郡小野町,タムラグンオノマチ,409
410,7,東白川郡矢祭町,ヒガシシラカワグンヤマツリマチ,410
411,7,耶麻郡北塩原村,ヤマグンキタシオバラムラ,411
412,7,相馬郡飯舘村,ソウマグンイイタテムラ,412
413,7,石川郡玉川村,イシカワグンタマカワムラ,413
414,7,白河市,シラカワシ,414
415,7,西白河郡中島村,ニシシラカワグンナカジマムラ,415
416,7,双葉郡富岡町,フタバグントミオカマチ,416
417,7,伊達郡川俣町,ダテグンカワマタマチ,417
418,7,喜多方市,キタカタシ,418
419,7,岩瀬郡鏡石町,イワセグンカガミイシマチ,419
420,7,南会津郡下郷町,ミナミアイヅグンシモゴウマチ,420
421,7,石川郡浅川町,イシカワグンアサカワマチ,421
422,7,いわき市,イワキシ,422
423,7,大沼郡三島町,オオヌマグンミシママチ,423
424,7,南会津郡檜枝岐村,ミナミアイヅグンヒノエマタムラ,424
425,7,会津若松市,アイヅワカマツシ,425
426,7,双葉郡葛尾村,フタバグンカツラオムラ,426
427,8,ひたちなか市,ヒタチナカシ,427
428,8,常総市,ジョウソウシ,428
429,8,北相馬郡利根町,キタソウマグントネマチ,429
430,8,取手市,トリデシ,430
431,8,古河市,コガシ,431
432,8,水戸市,ミトシ,432
433,8,猿島郡五霞町,サシマグンゴカマチ,433
434,8,行方市,ナメガタシ,434
435,8,守谷市,モリヤシ,435
436,8,結城市,ユウキシ,436
437,8,土浦市,ツチウラシ,437
438,8,龍ケ崎市,リュウガサキシ,438
439,8,結城郡八千代町,ユウキグンヤチヨマチ,439
440,8,日立市,ヒタチシ,440
441,8,鹿嶋市,カシマシ,441
442,8,稲敷郡阿見町,イナシキグンアミマチ,442
443,8,稲敷郡美浦村,イナシキグンミホムラ,443
444,8,北茨城市,キタイバラキシ,444
445,8,稲敷郡河内町,イナシキグンカワチマチ,445
446,8,東茨城郡城里町,ヒガシイバラキグンシロサトマチ,446
447,8,東茨城郡茨城町,ヒガシイバラキグンイバラキマチ,447
448,8,桜川市,サクラガワシ,448
449,8,かすみがうら市,カスミガウラシ,449
450,8,つくばみらい市,ツクバミライシ,450
451,8,東茨城郡大洗町,ヒガシイバラキグンオオアライマチ,451
452,8,潮来市,イタコシ,452
453,8,那珂市,ナカシ,453
454,8,小美玉市,オミタマシ,454
455,8,那珂郡東海村,ナカグントウカイムラ,455
456,8,猿島郡境町,サシマグンサカイマチ,456
457,8,高萩市,タカハギシ,457
458,8,筑西市,チクセイシ,458
459,8,常陸太田市,ヒタチオオタシ,459
460,8,下妻市,シモツマシ,460
461,8,稲敷市,イナシキシ,461
462,8,鉾田市,ホコタシ,462
463,8,坂東市,バンドウシ,463
464,8,常陸大宮市,ヒタチオオミヤシ,464
465,8,牛久市,ウシクシ,465
466,8,笠間市,カサマシ,466
467,8,久慈郡大子町,クジグンダイゴマチ,467
468,8,つくば市,ツクバシ,468
469,8,石岡市,イシオカシ,469
470,8,神栖市,カミスシ,470
471,9,下都賀郡野木町,シモツガグンノギマチ,471
472,9,那須郡那珂川町,ナスグンナカガワマチ,472
473,9,下都賀郡岩舟町,シモツガグンイワフネマチ,473
474,9,大田原市,オオタワラシ,474
475,9,芳賀郡益子町,ハガグンマシコマチ,475
476,9,塩谷郡塩谷町,シオヤグンシオヤマチ,476
477,9,芳賀郡茂木町,ハガグンモテギマチ,477
478,9,鹿沼市,カヌマシ,478
479,9,さくら市,サクラシ,479
480,9,宇都宮市,ウツノミヤシ,480
481,9,下野市,シモツケシ,481
482,9,小山市,オヤマシ,482
483,9,足利市,アシカガシ,483
484,9,矢板市,ヤイタシ,484
485,9,那須塩原市,ナスシオバラシ,485
486,9,那須烏山市,ナスカラスヤマシ,486
487,9,真岡市,モオカシ,487
488,9,栃木市,トチギシ,488
489,9,那須郡那須町,ナスグンナスマチ,489
490,9,河内郡上三川町,カワチグンカミノカワマチ,490
491,9,塩谷郡高根沢町,シオヤグンタカネザワマチ,491
492,9,日光市,ニッコウシ,492
493,9,佐野市,サノシ,493
494,9,芳賀郡市貝町,ハガグンイチカイマチ,494
495,9,芳賀郡芳賀町,ハガグンハガマチ,495
496,9,下都賀郡壬生町,シモツガグンミブマチ,496
497,10,館林市,タテバヤシシ,497
498,10,甘楽郡下仁田町,カンラグンシモニタマチ,498
499,10,渋川市,シブカワシ,499
500,10,吾妻郡高山村,アガツマグンタカヤマムラ,500
501,10,安中市,アンナカシ,501
502,10,利根郡昭和村,トネグンショウワムラ,502
503,10,邑楽郡千代田町,オウラグンチヨダマチ,503
504,10,吾妻郡嬬恋村,アガツマグンツマゴイムラ,504
505,10,北群馬郡榛東村,キタグンマグンシントウムラ,505
506,10,高崎市,タカサキシ,506
507,10,甘楽郡甘楽町,カンラグンカンラマチ,507
508,10,佐波郡玉村町,サワグンタマムラマチ,508
509,10,吾妻郡草津町,アガツマグンクサツマチ,509
510,10,邑楽郡邑楽町,オウラグンオウラマチ,510
511,10,吾妻郡東吾妻町,アガツマグンヒガシアガツママチ,511
512,10,藤岡市,フジオカシ,512
513,10,邑楽郡明和町,オウラグンメイワマチ,513
514,10,多野郡上野村,タノグンウエノムラ,514
515,10,吾妻郡長野原町,アガツマグンナガノハラマチ,515
516,10,邑楽郡大泉町,オウラグンオオイズミマチ,516
517,10,沼田市,ヌマタシ,517
518,10,邑楽郡板倉町,オウラグンイタクラマチ,518
519,10,北群馬郡吉岡町,キタグンマグンヨシオカマチ,519
520,10,伊勢崎市,イセサキシ,520
521,10,多野郡神流町,タノグンカンナマチ,521
522,10,太田市,オオタシ,522
523,10,利根郡片品村,トネグンカタシナムラ,523
524,10,前橋市,マエバシシ,524
525,10,甘楽郡南牧村,カンラグンナンモクムラ,525
526,10,富岡市,トミオカシ,526
527,10,吾妻郡中之条町,アガツマグンナカノジョウマチ,527
528,10,桐生市,キリュウシ,528
529,10,みどり市,ミドリシ,529
530,10,利根郡川場村,トネグンカワバムラ,530
531,10,利根郡みなかみ町,トネグンミナカミマチ,531
532,11,秩父市,チチブシ,532
533,11,志木市,シキシ,533
534,11,三郷市,ミサトシ,534
535,11,北葛飾郡松伏町,キタカツシカグンマツブシマチ,535
536,11,南埼玉郡宮代町,ミナミサイタマグンミヤシロマチ,536
537,11,北足立郡伊奈町,キタアダチグンイナマチ,537
538,11,北葛飾郡杉戸町,キタカツシカグンスギトマチ,538
539,11,朝霞市,アサカシ,539
540,11,本庄市,ホンジョウシ,540
541,11,児玉郡美里町,コダマグンミサトマチ,541
542,11,新座市,ニイザシ,542
543,11,上尾市,アゲオシ,543
544,11,鴻巣市,コウノスシ,544
545,11,秩父郡小鹿野町,チチブグンオガノマチ,545
546,11,春日部市,カスカベシ,546
547,11,熊谷市,クマガヤシ,547
548,11,さいたま市北区,サイタマシキタク,548
549,11,秩父郡横瀬町,チチブグンヨコゼマチ,549
550,11,さいたま市西区,サイタマシニシク,550
551,11,比企郡嵐山町,ヒキグンランザンマチ,551
552,11,比企郡川島町,ヒキグンカワジママチ,552
553,11,さいたま市中央区,サイタマシチュウオウク,553
554,11,比企郡鳩山町,ヒキグンハトヤママチ,554
555,11,入間郡三芳町,イルマグンミヨシマチ,555
556,11,白岡市,シラオカシ,556
557,11,児玉郡上里町,コダマグンカミサトマチ,557
558,11,さいたま市南区,サイタマシミナミク,558
559,11,越谷市,コシガヤシ,559
560,11,さいたま市緑区,サイタマシミドリク,560
561,11,戸田市,トダシ,561
562,11,草加市,ソウカシ,562
563,11,南埼玉郡白岡町,ミナミサイタマグンシラオカマチ,563
564,11,さいたま市大宮区,サイタマシオオミヤク,564
565,11,飯能市,ハンノウシ,565
566,11,入間郡越生町,イルマグンオゴセマチ,566
567,11,川口市,カワグチシ,567
568,11,桶川市,オケガワシ,568
569,11,入間郡毛呂山町,イルマグンモロヤママチ,569
570,11,秩父郡皆野町,チチブグンミナノマチ,570
571,11,東松山市,ヒガシマツヤマシ,571
572,11,さいたま市見沼区,サイタマシミヌマク,572
573,11,富士見市,フジミシ,573
574,11,深谷市,フカヤシ,574
575,11,蓮田市,ハスダシ,575
576,11,比企郡小川町,ヒキグンオガワマチ,576
577,11,大里郡寄居町,オオサトグンヨリイマチ,577
578,11,比企郡ときがわ町,ヒキグントキガワマチ,578
579,11,比企郡吉見町,ヒキグンヨシミマチ,579
580,11,北本市,キタモトシ,580
581,11,行田市,ギョウダシ,581
582,11,加須市,カゾシ,582
583,11,蕨市,ワラビシ,583
584,11,狭山市,サヤマシ,584
585,11,吉川市,ヨシカワシ,585
586,11,児玉郡神川町,コダマグンカミカワマチ,586
587,11,秩父郡長瀞町,チチブグンナガトロマチ,587
588,11,さいたま市岩槻区,サイタマシイワツキク,588
589,11,久喜市,クキシ,589
590,11,さいたま市浦和区,サイタマシウラワク,590
591,11,入間市,イルマシ,591
592,11,和光市,ワコウシ,592
593,11,羽生市,ハニュウシ,593
594,11,所沢市,トコロザワシ,594
595,11,ふじみ野市,フジミノシ,595
596,11,八潮市,ヤシオシ,596
597,11,日高市,ヒダカシ,597
598,11,川越市,カワゴエシ,598
599,11,比企郡滑川町,ヒキグンナメガワマチ,599
600,11,さいたま市桜区,サイタマシサクラク,600
601,11,鶴ヶ島市,ツルガシマシ,601
602,11,坂戸市,サカドシ,602
603,11,幸手市,サッテシ,603
604,11,秩父郡東秩父村,チチブグンヒガシチチブムラ,604
605,12,茂原市,モバラシ,605
606,12,香取郡多古町,カトリグンタコマチ,606
607,12,千葉市中央区,チバシチュウオウク,607
608,12,印旛郡栄町,インバグンサカエマチ,608
609,12,木更津市,キサラヅシ,609
610,12,東金市,トウガネシ,610
611,12,匝瑳市,ソウサシ,611
612,12,白井市,シロイシ,612
613,12,千葉市花見川区,チバシハナミガワク,613
614,12,成田市,ナリタシ,614
615,12,八街市,ヤチマタシ,615
616,12,市川市,イチカワシ,616
617,12,千葉市美浜区,チバシミハマク,617
618,12,長生郡長生村,チョウセイグンチョウセイムラ,618
619,12,旭市,アサヒシ,619
620,12,長生郡睦沢町,チョウセイグンムツザワマチ,620
621,12,長生郡白子町,チョウセイグンシラコマチ,621
622,12,習志野市,ナラシノシ,622
623,12,山武郡横芝光町,サンブグンヨコシバヒカリマチ,623
624,12,市原市,イチハラシ,624
625,12,千葉市稲毛区,チバシイナゲク,625
626,12,勝浦市,カツウラシ,626
627,12,山武市,サンムシ,627
628,12,香取郡神崎町,カトリグンコウザキマチ,628
629,12,鴨川市,カモガワシ,629
630,12,長生郡一宮町,チョウセイグンイチノミヤマチ,630
631,12,千葉市緑区,チバシミドリク,631
632,12,君津市,キミツシ,632
633,12,館山市,タテヤマシ,633
634,12,山武郡大網白里町,サンブグンオオアミシラサトマチ,634
635,12,袖ケ浦市,ソデガウラシ,635
636,12,我孫子市,アビコシ,636
637,12,印西市,インザイシ,637
638,12,鎌ケ谷市,カマガヤシ,638
639,12,安房郡鋸南町,アワグンキョナンマチ,639
640,12,大網白里市,オオアミシラサトシ,640
641,12,野田市,ノダシ,641
642,12,佐倉市,サクラシ,642
643,12,長生郡長南町,チョウセイグンチョウナンマチ,643
644,12,千葉市若葉区,チバシワカバク,644
645,12,香取市,カトリシ,645
646,12,松戸市,マツドシ,646
647,12,夷隅郡御宿町,イスミグンオンジュクマチ,647
648,12,八千代市,ヤチヨシ,648
649,12,夷隅郡大多喜町,イスミグンオオタキマチ,649
650,12,山武郡芝山町,サンブグンシバヤママチ,650
651,12,銚子市,チョウシシ,651
652,12,流山市,ナガレヤマシ,652
653,12,富里市,トミサトシ,653
654,12,四街道市,ヨツカイドウシ,654
655,12,船橋市,フナバシシ,655
656,12,山武郡九十九里町,サンブグンクジュウクリマチ,656
657,12,富津市,フッツシ,657
658,12,浦安市,ウラヤスシ,658
659,12,柏市,カシワシ,659
660,12,南房総市,ミナミボウソウシ,660
661,12,香取郡東庄町,カトリグントウノショウマチ,661
662,12,印旛郡酒々井町,インバグンシスイマチ,662
663,12,長生郡長柄町,チョウセイグンナガラマチ,663
664,12,いすみ市,イスミシ,664
665,13,東大和市,ヒガシヤマトシ,665
666,13,武蔵村山市,ムサシムラヤマシ,666
667,13,国立市,クニタチシ,667
668,13,府中市,フチュウシ,668
669,13,渋谷区,シブヤク,669
670,13,羽村市,ハムラシ,670
671,13,目黒区,メグロク,671
672,13,文京区,ブンキョウク,672
673,13,足立区,アダチク,673
674,13,西多摩郡檜原村,ニシタマグンヒノハラムラ,674
675,13,板橋区,イタバシク,675
676,13,大島町,オオシママチ,676
677,13,青梅市,オウメシ,677
678,13,町田市,マチダシ,678
679,13,狛江市,コマエシ,679
680,13,多摩市,タマシ,680
681,13,西東京市,ニシトウキョウシ,681
682,13,北区,キタク,682
683,13,東久留米市,ヒガシクルメシ,683
684,13,江東区,コウトウク,684
685,13,小笠原村,オガサワラムラ,685
686,13,西多摩郡日の出町,ニシタマグンヒノデマチ,686
687,13,東村山市,ヒガシムラヤマシ,687
688,13,武蔵野市,ムサシノシ,688
689,13,清瀬市,キヨセシ,689
690,13,国分寺市,コクブンジシ,690
691,13,新島村,ニイジマムラ,691
692,13,あきる野市,アキルノシ,692
693,13,八王子市,ハチオウジシ,693
694,13,千代田区,チヨダク,694
695,13,世田谷区,セタガヤク,695
696,13,八丈島八丈町,ハチジョウジマハチジョウマチ,696
697,13,大田区,オオタク,697
698,13,江戸川区,エドガワク,698
699,13,利島村,トシマムラ,699
700,13,豊島区,トシマク,700
701,13,荒川区,アラカワク,701
702,13,昭島市,アキシマシ,702
703,13,品川区,シナガワク,703
704,13,中野区,ナカノク,704
705,13,福生市,フッサシ,705
706,13,神津島村,コウヅシマムラ,706
707,13,墨田区,スミダク,707
708,13,港区,ミナトク,708
709,13,小平市,コダイラシ,709
710,13,西多摩郡奥多摩町,ニシタマグンオクタママチ,710
711,13,葛飾区,カツシカク,711
712,13,三宅島三宅村,ミヤケジマミヤケムラ,712
713,13,立川市,タチカワシ,713
714,13,青ヶ島村,アオガシマムラ,714
715,13,西多摩郡瑞穂町,ニシタマグンミズホマチ,715
716,13,新宿区,シンジュクク,716
717,13,小金井市,コガネイシ,717
718,13,中央区,チュウオウク,718
719,13,杉並区,スギナミク,719
720,13,日野市,ヒノシ,720
721,13,練馬区,ネリマク,721
722,13,三鷹市,ミタカシ,722
723,13,稲城市,イナギシ,723
724,13,御蔵島村,ミクラジマムラ,724
725,13,台東区,タイトウク,725
726,13,調布市,チョウフシ,726
727,14,中郡大磯町,ナカグンオオイソマチ,727
728,14,大和市,ヤマトシ,728
729,14,横浜市神奈川区,ヨコハマシカナガワク,729
730,14,川崎市幸区,カワサキシサイワイク,730
731,14,座間市,ザマシ,731
732,14,鎌倉市,カマクラシ,732
733,14,川崎市宮前区,カワサキシミヤマエク,733
734,14,小田原市,オダワラシ,734
735,14,川崎市高津区,カワサキシタカツク,735
736,14,相模原市南区,サガミハラシミナミク,736
737,14,横浜市磯子区,ヨコハマシイソゴク,737
738,14,横浜市保土ケ谷区,ヨコハマシホドガヤク,738
739,14,横浜市都筑区,ヨコハマシツヅキク,739
740,14,高座郡寒川町,コウザグンサムカワマチ,740
741,14,横須賀市,ヨコスカシ,741
742,14,横浜市鶴見区,ヨコハマシツルミク,742
743,14,南足柄市,ミナミアシガラシ,743
744,14,横浜市旭区,ヨコハマシアサヒク,744
745,14,川崎市中原区,カワサキシナカハラク,745
746,14,逗子市,ズシシ,746
747,14,厚木市,アツギシ,747
748,14,伊勢原市,イセハラシ,748
749,14,横浜市金沢区,ヨコハマシカナザワク,749
750,14,三浦郡葉山町,ミウラグンハヤママチ,750
751,14,川崎市川崎区,カワサキシカワサキク,751
752,14,横浜市瀬谷区,ヨコハマシセヤク,752
753,14,足柄上郡中井町,アシガラカミグンナカイマチ,753
754,14,愛甲郡清川村,アイコウグンキヨカワムラ,754
755,14,足柄上郡大井町,アシガラカミグンオオイマチ,755
756,14,海老名市,エビナシ,756
757,14,横浜市緑区,ヨコハマシミドリク,757
758,14,中郡二宮町,ナカグンニノミヤマチ,758
759,14,三浦市,ミウラシ,759
760,14,相模原市中央区,サガミハラシチュウオウク,760
761,14,足柄下郡箱根町,アシガラシモグンハコネマチ,761
762,14,平塚市,ヒラツカシ,762
763,14,横浜市南区,ヨコハマシミナミク,763
764,14,横浜市栄区,ヨコハマシサカエク,764
765,14,足柄上郡開成町,アシガラカミグンカイセイマチ,765
766,14,横浜市港南区,ヨコハマシコウナンク,766
767,14,愛甲郡愛川町,アイコウグンアイカワマチ,767
768,14,横浜市西区,ヨコハマシニシク,768
769,14,横浜市泉区,ヨコハマシイズミク,769
770,14,秦野市,ハダノシ,770
771,14,綾瀬市,アヤセシ,771
772,14,足柄上郡松田町,アシガラカミグンマツダマチ,772
773,14,足柄上郡山北町,アシガラカミグンヤマキタマチ,773
774,14,相模原市緑区,サガミハラシミドリク,774
775,14,川崎市麻生区,カワサキシアサオク,775
776,14,足柄下郡湯河原町,アシガラシモグンユガワラマチ,776
777,14,横浜市青葉区,ヨコハマシアオバク,777
778,14,横浜市中区,ヨコハマシナカク,778
779,14,藤沢市,フジサワシ,779
780,14,足柄下郡真鶴町,アシガラシモグンマナヅルマチ,780
781,14,横浜市戸塚区,ヨコハマシトツカク,781
782,14,川崎市多摩区,カワサキシタマク,782
783,14,茅ヶ崎市,チガサキシ,783
784,14,横浜市港北区,ヨコハマシコウホクク,784
785,15,新潟市西区,ニイガタシニシク,785
786,15,新潟市北区,ニイガタシキタク,786
787,15,新潟市西蒲区,ニイガタシニシカンク,787
788,15,糸魚川市,イトイガワシ,788
789,15,佐渡市,サドシ,789
790,15,新発田市,シバタシ,790
791,15,南蒲原郡田上町,ミナミカンバラグンタガミマチ,791
792,15,東蒲原郡阿賀町,ヒガシカンバラグンアガマチ,792
793,15,新潟市江南区,ニイガタシコウナンク,793
794,15,妙高市,ミョウコウシ,794
795,15,新潟市中央区,ニイガタシチュウオウク,795
796,15,上越市,ジョウエツシ,796
797,15,小千谷市,オヂヤシ,797
798,15,新潟市東区,ニイガタシヒガシク,798
799,15,新潟市秋葉区,ニイガタシアキハク,799
800,15,胎内市,タイナイシ,800
801,15,北蒲原郡聖籠町,キタカンバラグンセイロウマチ,801
802,15,中魚沼郡津南町,ナカウオヌマグンツナンマチ,802
803,15,三条市,サンジョウシ,803
804,15,南魚沼市,ミナミウオヌマシ,804
805,15,三島郡出雲崎町,サントウグンイズモザキマチ,805
806,15,柏崎市,カシワザキシ,806
807,15,見附市,ミツケシ,807
808,15,長岡市,ナガオカシ,808
809,15,五泉市,ゴセンシ,809
810,15,阿賀野市,アガノシ,810
811,15,十日町市,トオカマチシ,811
812,15,村上市,ムラカミシ,812
813,15,南魚沼郡湯沢町,ミナミウオヌマグンユザワマチ,813
814,15,刈羽郡刈羽村,カリワグンカリワムラ,814
815,15,燕市,ツバメシ,815
816,15,岩船郡粟島浦村,イワフネグンアワシマウラムラ,816
817,15,西蒲原郡弥彦村,ニシカンバラグンヤヒコムラ,817
818,15,岩船郡関川村,イワフネグンセキカワムラ,818
819,15,加茂市,カモシ,819
820,15,魚沼市,ウオヌマシ,820
821,15,新潟市南区,ニイガタシミナミク,821
822,16,砺波市,トナミシ,822
823,16,氷見市,ヒミシ,823
824,16,下新川郡朝日町,シモニイカワグンアサヒマチ,824
825,16,小矢部市,オヤベシ,825
826,16,中新川郡舟橋村,ナカニイカワグンフナハシムラ,826
827,16,滑川市,ナメリカワシ,827
828,16,中新川郡立山町,ナカニイカワグンタテヤママチ,828
829,16,南砺市,ナントシ,829
830,16,高岡市,タカオカシ,830
831,16,富山市,トヤマシ,831
832,16,魚津市,ウオヅシ,832
833,16,黒部市,クロベシ,833
834,16,下新川郡入善町,シモニイカワグンニュウゼンマチ,834
835,16,射水市,イミズシ,835
836,16,中新川郡上市町,ナカニイカワグンカミイチマチ,836
837,17,金沢市,カナザワシ,837
838,17,鳳珠郡穴水町,ホウスグンアナミズマチ,838
839,17,河北郡内灘町,カホクグンウチナダマチ,839
840,17,かほく市,カホクシ,840
841,17,羽咋郡志賀町,ハクイグンシカマチ,841
842,17,加賀市,カガシ,842
843,17,珠洲市,スズシ,843
844,17,羽咋郡宝達志水町,ハクイグンホウダツシミズチョウ,844
845,17,能美市,ノミシ,845
846,17,白山市,ハクサンシ,846
847,17,能美郡川北町,ノミグンカワキタマチ,847
848,17,羽咋市,ハクイシ,848
849,17,小松市,コマツシ,849
850,17,河北郡津幡町,カホクグンツバタマチ,850
851,17,野々市市,ノノイチシ,851
852,17,鳳珠郡能登町,ホウスグンノトチョウ,852
853,17,鹿島郡中能登町,カシマグンナカノトマチ,853
854,17,輪島市,ワジマシ,854
855,17,七尾市,ナナオシ,855
856,18,小浜市,オバマシ,856
857,18,吉田郡永平寺町,ヨシダグンエイヘイジチョウ,857
858,18,三方郡美浜町,ミカタグンミハマチョウ,858
859,18,敦賀市,ツルガシ,859
860,18,今立郡池田町,イマダテグンイケダチョウ,860
861,18,福井市,フクイシ,861
862,18,大飯郡おおい町,オオイグンオオイチョウ,862
863,18,越前市,エチゼンシ,863
864,18,あわら市,アワラシ,864
865,18,勝山市,カツヤマシ,865
866,18,鯖江市,サバエシ,866
867,18,南条郡南越前町,ナンジョウグンミナミエチゼンチョウ,867
868,18,坂井市,サカイシ,868
869,18,大野市,オオノシ,869
870,18,丹生郡越前町,ニュウグンエチゼンチョウ,870
871,18,大飯郡高浜町,オオイグンタカハマチョウ,871
872,18,三方上中郡若狭町,ミカタカミナカグンワカサチョウ,872
873,19,甲州市,コウシュウシ,873
874,19,中央市,チュウオウシ,874
875,19,南都留郡鳴沢村,ミナミツルグンナルサワムラ,875
876,19,南巨摩郡身延町,ミナミコマグンミノブチョウ,876
877,19,中巨摩郡昭和町,ナカコマグンショウワチョウ,877
878,19,笛吹市,フエフキシ,878
879,19,西八代郡市川三郷町,ニシヤツシログンイチカワミサトチョウ,879
880,19,南巨摩郡南部町,ミナミコマグンナンブチョウ,880
881,19,南都留郡山中湖村,ミナミツルグンヤマナカコムラ,881
882,19,甲斐市,カイシ,882
883,19,山梨市,ヤマナシシ,883
884,19,北都留郡丹波山村,キタツルグンタバヤマムラ,884
885,19,南都留郡富士河口湖町,ミナミツルグンフジカワグチコマチ,885
886,19,南都留郡西桂町,ミナミツルグンニシカツラチョウ,886
887,19,南都留郡忍野村,ミナミツルグンオシノムラ,887
888,19,南都留郡道志村,ミナミツルグンドウシムラ,888
889,19,南アルプス市,ミナミアルプスシ,889
890,19,上野原市,ウエノハラシ,890
891,19,都留市,ツルシ,891
892,19,富士吉田市,フジヨシダシ,892
893,19,北都留郡小菅村,キタツルグンコスゲムラ,893
894,19,南巨摩郡早川町,ミナミコマグンハヤカワチョウ,894
895,19,大月市,オオツキシ,895
896,19,韮崎市,ニラサキシ,896
897,19,北杜市,ホクトシ,897
898,19,甲府市,コウフシ,898
899,19,南巨摩郡富士川町,ミナミコマグンフジカワチョウ,899
900,20,下伊那郡下條村,シモイナグンシモジョウムラ,900
901,20,東筑摩郡山形村,ヒガシチクマグンヤマガタムラ,901
902,20,北佐久郡立科町,キタサクグンタテシナマチ,902
903,20,佐久市,サクシ,903
904,20,千曲市,チクマシ,904
905,20,下伊那郡阿南町,シモイナグンアナンチョウ,905
906,20,北佐久郡御代田町,キタサクグンミヨタマチ,906
907,20,駒ヶ根市,コマガネシ,907
908,20,東御市,トウミシ,908
909,20,東筑摩郡朝日村,ヒガシチクマグンアサヒムラ,909
910,20,上伊那郡辰野町,カミイナグンタツノマチ,910
911,20,下伊那郡喬木村,シモイナグンタカギムラ,911
912,20,下伊那郡阿智村,シモイナグンアチムラ,912
913,20,下伊那郡天龍村,シモイナグンテンリュウムラ,913
914,20,小諸市,コモロシ,914
915,20,須坂市,スザカシ,915
916,20,木曽郡木祖村,キソグンキソムラ,916
917,20,木曽郡大桑村,キソグンオオクワムラ,917
918,20,南佐久郡川上村,ミナミサクグンカワカミムラ,918
919,20,南佐久郡佐久穂町,ミナミサクグンサクホマチ,919
920,20,諏訪市,スワシ,920
921,20,諏訪郡下諏訪町,スワグンシモスワマチ,921
922,20,伊那市,イナシ,922
923,20,東筑摩郡生坂村,ヒガシチクマグンイクサカムラ,923
924,20,上伊那郡箕輪町,カミイナグンミノワマチ,924
925,20,上伊那郡飯島町,カミイナグンイイジママチ,925
926,20,中野市,ナカノシ,926
927,20,安曇野市,アヅミノシ,927
928,20,下伊那郡高森町,シモイナグンタカモリマチ,928
929,20,上水内郡小川村,カミミノチグンオガワムラ,929
930,20,飯田市,イイダシ,930
931,20,南佐久郡南相木村,ミナミサクグンミナミアイキムラ,931
932,20,北安曇郡白馬村,キタアヅミグンハクバムラ,932
933,20,上高井郡高山村,カミタカイグンタカヤマムラ,933
934,20,下高井郡木島平村,シモタカイグンキジマダイラムラ,934
935,20,木曽郡木曽町,キソグンキソマチ,935
936,20,東筑摩郡筑北村,ヒガシチクマグンチクホクムラ,936
937,20,南佐久郡小海町,ミナミサクグンコウミマチ,937
938,20,北安曇郡松川村,キタアヅミグンマツカワムラ,938
939,20,南佐久郡北相木村,ミナミサクグンキタアイキムラ,939
940,20,下水内郡栄村,シモミノチグンサカエムラ,940
941,20,諏訪郡富士見町,スワグンフジミマチ,941
942,20,茅野市,チノシ,942
943,20,大町市,オオマチシ,943
944,20,東筑摩郡麻績村,ヒガシチクマグンオミムラ,944
945,20,下高井郡山ノ内町,シモタカイグンヤマノウチマチ,945
946,20,木曽郡王滝村,キソグンオウタキムラ,946
947,20,上伊那郡中川村,カミイナグンナカガワムラ,947
948,20,下高井郡野沢温泉村,シモタカイグンノザワオンセンムラ,948
949,20,小県郡長和町,チイサガタグンナガワマチ,949
950,20,飯山市,イイヤマシ,950
951,20,上水内郡信濃町,カミミノチグンシナノマチ,951
952,20,北安曇郡小谷村,キタアヅミグンオタリムラ,952
953,20,下伊那郡売木村,シモイナグンウルギムラ,953
954,20,下伊那郡平谷村,シモイナグンヒラヤムラ,954
955,20,上田市,ウエダシ,955
956,20,下伊那郡大鹿村,シモイナグンオオシカムラ,956
957,20,塩尻市,シオジリシ,957
958,20,上伊那郡南箕輪村,カミイナグンミナミミノワムラ,958
959,20,諏訪郡原村,スワグンハラムラ,959
960,20,上伊那郡宮田村,カミイナグンミヤダムラ,960
961,20,北佐久郡軽井沢町,キタサクグンカルイザワマチ,961
962,20,長野市,ナガノシ,962
963,20,下伊那郡根羽村,シモイナグンネバムラ,963
964,20,下伊那郡豊丘村,シモイナグントヨオカムラ,964
965,20,松本市,マツモトシ,965
966,20,南佐久郡南牧村,ミナミサクグンミナミマキムラ,966
967,20,木曽郡南木曽町,キソグンナギソマチ,967
968,20,上高井郡小布施町,カミタカイグンオブセマチ,968
969,20,岡谷市,オカヤシ,969
970,20,下伊那郡松川町,シモイナグンマツカワマチ,970
971,20,上水内郡飯綱町,カミミノチグンイイヅナマチ,971
972,20,下伊那郡泰阜村,シモイナグンヤスオカムラ,972
973,20,小県郡青木村,チイサガタグンアオキムラ,973
974,20,埴科郡坂城町,ハニシナグンサカキマチ,974
975,20,北安曇郡池田町,キタアヅミグンイケダマチ,975
976,20,木曽郡上松町,キソグンアゲマツマチ,976
977,21,揖斐郡池田町,イビグンイケダチョウ,977
978,21,可児市,カニシ,978
979,21,土岐市,トキシ,979
980,21,加茂郡富加町,カモグントミカチョウ,980
981,21,羽島郡笠松町,ハシマグンカサマツチョウ,981
982,21,揖斐郡揖斐川町,イビグンイビガワチョウ,982
983,21,中津川市,ナカツガワシ,983
984,21,加茂郡東白川村,カモグンヒガシシラカワムラ,984
985,21,恵那市,エナシ,985
986,21,可児郡御嵩町,カニグンミタケチョウ,986
987,21,瑞穂市,ミズホシ,987
988,21,美濃市,ミノシ,988
989,21,各務原市,カカミガハラシ,989
990,21,加茂郡坂祝町,カモグンサカホギチョウ,990
991,21,美濃加茂市,ミノカモシ,991
992,21,加茂郡川辺町,カモグンカワベチョウ,992
993,21,郡上市,グジョウシ,993
994,21,大垣市,オオガキシ,994
995,21,多治見市,タジミシ,995
996,21,不破郡垂井町,フワグンタルイチョウ,996
997,21,山県市,ヤマガタシ,997
998,21,関市,セキシ,998
999,21,本巣郡北方町,モトスグンキタガタチョウ,999
1000,21,高山市,タカヤマシ,1000
1001,21,養老郡養老町,ヨウロウグンヨウロウチョウ,1001
1002,21,加茂郡七宗町,カモグンヒチソウチョウ,1002
1003,21,安八郡安八町,アンパチグンアンパチチョウ,1003
1004,21,大野郡白川村,オオノグンシラカワムラ,1004
1005,21,飛騨市,ヒダシ,1005
1006,21,本巣市,モトスシ,1006
1007,21,不破郡関ケ原町,フワグンセキガハラチョウ,1007
1008,21,加茂郡八百津町,カモグンヤオツチョウ,1008
1009,21,瑞浪市,ミズナミシ,1009
1010,21,岐阜市,ギフシ,1010
1011,21,下呂市,ゲロシ,1011
1012,21,加茂郡白川町,カモグンシラカワチョウ,1012
1013,21,羽島市,ハシマシ,1013
1014,21,海津市,カイヅシ,1014
1015,21,揖斐郡大野町,イビグンオオノチョウ,1015
1016,21,安八郡輪之内町,アンパチグンワノウチチョウ,1016
1017,21,羽島郡岐南町,ハシマグンギナンチョウ,1017
1018,21,安八郡神戸町,アンパチグンゴウドチョウ,1018
1019,22,浜松市南区,ハママツシミナミク,1019
1020,22,浜松市浜北区,ハママツシハマキタク,1020
1021,22,賀茂郡南伊豆町,カモグンミナミイズチョウ,1021
1022,22,浜松市東区,ハママツシヒガシク,1022
1023,22,賀茂郡西伊豆町,カモグンニシイズチョウ,1023
1024,22,駿東郡清水町,スントウグンシミズチョウ,1024
1025,22,御前崎市,オマエザキシ,1025
1026,22,熱海市,アタミシ,1026
1027,22,掛川市,カケガワシ,1027
1028,22,伊豆の国市,イズノクニシ,1028
1029,22,浜松市中区,ハママツシナカク,1029
1030,22,浜松市北区,ハママツシキタク,1030
1031,22,下田市,シモダシ,1031
1032,22,湖西市,コサイシ,1032
1033,22,静岡市葵区,シズオカシアオイク,1033
1034,22,田方郡函南町,タガタグンカンナミチョウ,1034
1035,22,沼津市,ヌマヅシ,1035
1036,22,駿東郡小山町,スントウグンオヤマチョウ,1036
1037,22,御殿場市,ゴテンバシ,1037
1038,22,焼津市,ヤイヅシ,1038
1039,22,伊東市,イトウシ,1039
1040,22,榛原郡川根本町,ハイバラグンカワネホンチョウ,1040
1041,22,富士市,フジシ,1041
1042,22,賀茂郡松崎町,カモグンマツザキチョウ,1042
1043,22,袋井市,フクロイシ,1043
1044,22,浜松市天竜区,ハママツシテンリュウク,1044
1045,22,榛原郡吉田町,ハイバラグンヨシダチョウ,1045
1046,22,賀茂郡河津町,カモグンカワヅチョウ,1046
1047,22,賀茂郡東伊豆町,カモグンヒガシイズチョウ,1047
1048,22,浜松市西区,ハママツシニシク,1048
1049,22,静岡市清水区,シズオカシシミズク,1049
1050,22,周智郡森町,シュウチグンモリマチ,1050
1051,22,静岡市駿河区,シズオカシスルガク,1051
1052,22,菊川市,キクガワシ,1052
1053,22,島田市,シマダシ,1053
1054,22,駿東郡長泉町,スントウグンナガイズミチョウ,1054
1055,22,藤枝市,フジエダシ,1055
1056,22,富士宮市,フジノミヤシ,1056
1057,22,裾野市,スソノシ,1057
1058,22,牧之原市,マキノハラシ,1058
1059,22,三島市,ミシマシ,1059
1060,22,磐田市,イワタシ,1060
1061,22,伊豆市,イズシ,1061
1062,23,知多市,チタシ,1062
1063,23,瀬戸市,セトシ,1063
1064,23,丹羽郡大口町,ニワグンオオグチチョウ,1064
1065,23,北設楽郡設楽町,キタシタラグンシタラチョウ,1065
1066,23,名古屋市名東区,ナゴヤシメイトウク,1066
1067,23,豊田市,トヨタシ,1067
1068,23,碧南市,ヘキナンシ,1068
1069,23,春日井市,カスガイシ,1069
1070,23,名古屋市中村区,ナゴヤシナカムラク,1070
1071,23,丹羽郡扶桑町,ニワグンフソウチョウ,1071
1072,23,尾張旭市,オワリアサヒシ,1072
1073,23,新城市,シンシロシ,1073
1074,23,知多郡武豊町,チタグンタケトヨチョウ,1074
1075,23,東海市,トウカイシ,1075
1076,23,稲沢市,イナザワシ,1076
1077,23,名古屋市千種区,ナゴヤシチクサク,1077
1078,23,小牧市,コマキシ,1078
1079,23,北設楽郡東栄町,キタシタラグントウエイチョウ,1079
1080,23,長久手市,ナガクテシ,1080
1081,23,知立市,チリュウシ,1081
1082,23,半田市,ハンダシ,1082
1083,23,津島市,ツシマシ,1083
1084,23,知多郡東浦町,チタグンヒガシウラチョウ,1084
1085,23,大府市,オオブシ,1085
1086,23,一宮市,イチノミヤシ,1086
1087,23,名古屋市緑区,ナゴヤシミドリク,1087
1088,23,愛知郡東郷町,アイチグントウゴウチョウ,1088
1089,23,愛西市,アイサイシ,1089
1090,23,安城市,アンジョウシ,1090
1091,23,名古屋市天白区,ナゴヤシテンパクク,1091
1092,23,海部郡大治町,アマグンオオハルチョウ,1092
1093,23,海部郡飛島村,アマグントビシマムラ,1093
1094,23,名古屋市港区,ナゴヤシミナトク,1094
1095,23,常滑市,トコナメシ,1095
1096,23,犬山市,イヌヤマシ,1096
1097,23,北名古屋市,キタナゴヤシ,1097
1098,23,西尾市,ニシオシ,1098
1099,23,知多郡南知多町,チタグンミナミチタチョウ,1099
1100,23,名古屋市北区,ナゴヤシキタク,1100
1101,23,豊橋市,トヨハシシ,1101
1102,23,名古屋市中区,ナゴヤシナカク,1102
1103,23,名古屋市瑞穂区,ナゴヤシミズホク,1103
1104,23,名古屋市東区,ナゴヤシヒガシク,1104
1105,23,蒲郡市,ガマゴオリシ,1105
1106,23,名古屋市南区,ナゴヤシミナミク,1106
1107,23,弥富市,ヤトミシ,1107
1108,23,刈谷市,カリヤシ,1108
1109,23,岩倉市,イワクラシ,1109
1110,23,額田郡幸田町,ヌカタグンコウタチョウ,1110
1111,23,名古屋市昭和区,ナゴヤシショウワク,1111
1112,23,豊川市,トヨカワシ,1112
1113,23,海部郡蟹江町,アマグンカニエチョウ,1113
1114,23,日進市,ニッシンシ,1114
1115,23,みよし市,ミヨシシ,1115
1116,23,北設楽郡豊根村,キタシタラグントヨネムラ,1116
1117,23,高浜市,タカハマシ,1117
1118,23,岡崎市,オカザキシ,1118
1119,23,名古屋市中川区,ナゴヤシナカガワク,1119
1120,23,名古屋市守山区,ナゴヤシモリヤマク,1120
1121,23,清須市,キヨスシ,1121
1122,23,あま市,アマシ,1122
1123,23,知多郡阿久比町,チタグンアグイチョウ,1123
1124,23,江南市,コウナンシ,1124
1125,23,田原市,タハラシ,1125
1126,23,名古屋市熱田区,ナゴヤシアツタク,1126
1127,23,名古屋市西区,ナゴヤシニシク,1127
1128,23,知多郡美浜町,チタグンミハマチョウ,1128
1129,23,豊明市,トヨアケシ,1129
1130,23,西春日井郡豊山町,ニシカスガイグントヨヤマチョウ,1130
1131,24,熊野市,クマノシ,1131
1132,24,四日市市,ヨッカイチシ,1132
1133,24,鈴鹿市,スズカシ,1133
1134,24,度会郡南伊勢町,ワタライグンミナミイセチョウ,1134
1135,24,南牟婁郡紀宝町,ミナミムログンキホウチョウ,1135
1136,24,度会郡度会町,ワタライグンワタライチョウ,1136
1137,24,三重郡川越町,ミエグンカワゴエチョウ,1137
1138,24,津市,ツシ,1138
1139,24,亀山市,カメヤマシ,1139
1140,24,三重郡朝日町,ミエグンアサヒチョウ,1140
1141,24,名張市,ナバリシ,1141
1142,24,多気郡明和町,タキグンメイワチョウ,1142
1143,24,度会郡玉城町,ワタライグンタマキチョウ,1143
1144,24,いなべ市,イナベシ,1144
1145,24,北牟婁郡紀北町,キタムログンキホクチョウ,1145
1146,24,三重郡菰野町,ミエグンコモノチョウ,1146
1147,24,桑名郡木曽岬町,クワナグンキソサキチョウ,1147
1148,24,松阪市,マツサカシ,1148
1149,24,尾鷲市,オワセシ,1149
1150,24,伊勢市,イセシ,1150
1151,24,南牟婁郡御浜町,ミナミムログンミハマチョウ,1151
1152,24,桑名市,クワナシ,1152
1153,24,度会郡大紀町,ワタライグンタイキチョウ,1153
1154,24,伊賀市,イガシ,1154
1155,24,志摩市,シマシ,1155
1156,24,多気郡大台町,タキグンオオダイチョウ,1156
1157,24,員弁郡東員町,イナベグントウインチョウ,1157
1158,24,鳥羽市,トバシ,1158
1159,24,多気郡多気町,タキグンタキチョウ,1159
1160,25,犬上郡多賀町,イヌカミグンタガチョウ,1160
1161,25,米原市,マイバラシ,1161
1162,25,蒲生郡日野町,ガモウグンヒノチョウ,1162
1163,25,草津市,クサツシ,1163
1164,25,甲賀市,コウカシ,1164
1165,25,蒲生郡竜王町,ガモウグンリュウオウチョウ,1165
1166,25,長浜市,ナガハマシ,1166
1167,25,湖南市,コナンシ,1167
1168,25,栗東市,リットウシ,1168
1169,25,愛知郡愛荘町,エチグンアイショウチョウ,1169
1170,25,大津市,オオツシ,1170
1171,25,犬上郡豊郷町,イヌカミグントヨサトチョウ,1171
1172,25,東近江市,ヒガシオウミシ,1172
1173,25,近江八幡市,オウミハチマンシ,1173
1174,25,犬上郡甲良町,イヌカミグンコウラチョウ,1174
1175,25,守山市,モリヤマシ,1175
1176,25,高島市,タカシマシ,1176
1177,25,彦根市,ヒコネシ,1177
1178,25,野洲市,ヤスシ,1178
1179,26,京都市右京区,キョウトシウキョウク,1179
1180,26,相楽郡精華町,ソウラクグンセイカチョウ,1180
1181,26,八幡市,ヤワタシ,1181
1182,26,京都市東山区,キョウトシヒガシヤマク,1182
1183,26,京都市山科区,キョウトシヤマシナク,1183
1184,26,長岡京市,ナガオカキョウシ,1184
1185,26,京田辺市,キョウタナベシ,1185
1186,26,綴喜郡宇治田原町,ツヅキグンウジタワラチョウ,1186
1187,26,京都市下京区,キョウトシシモギョウク,1187
1188,26,相楽郡笠置町,ソウラクグンカサギチョウ,1188
1189,26,向日市,ムコウシ,1189
1190,26,京都市伏見区,キョウトシフシミク,1190
1191,26,宇治市,ウジシ,1191
1192,26,京丹後市,キョウタンゴシ,1192
1193,26,京都市南区,キョウトシミナミク,1193
1194,26,相楽郡和束町,ソウラクグンワヅカチョウ,1194
1195,26,相楽郡南山城村,ソウラクグンミナミヤマシロムラ,1195
1196,26,京都市上京区,キョウトシカミギョウク,1196
1197,26,久世郡久御山町,クセグンクミヤマチョウ,1197
1198,26,綾部市,アヤベシ,1198
1199,26,京都市中京区,キョウトシナカギョウク,1199
1200,26,綴喜郡井手町,ツヅキグンイデチョウ,1200
1201,26,船井郡京丹波町,フナイグンキョウタンバチョウ,1201
1202,26,福知山市,フクチヤマシ,1202
1203,26,与謝郡与謝野町,ヨサグンヨサノチョウ,1203
1204,26,与謝郡伊根町,ヨサグンイネチョウ,1204
1205,26,舞鶴市,マイヅルシ,1205
1206,26,京都市北区,キョウトシキタク,1206
1207,26,亀岡市,カメオカシ,1207
1208,26,京都市左京区,キョウトシサキョウク,1208
1209,26,京都市西京区,キョウトシニシキョウク,1209
1210,26,乙訓郡大山崎町,オトクニグンオオヤマザキチョウ,1210
1211,26,城陽市,ジョウヨウシ,1211
1212,26,宮津市,ミヤヅシ,1212
1213,26,木津川市,キヅガワシ,1213
1214,26,南丹市,ナンタンシ,1214
1215,27,堺市南区,サカイシミナミク,1215
1216,27,大阪市鶴見区,オオサカシツルミク,1216
1217,27,豊能郡豊能町,トヨノグントヨノチョウ,1217
1218,27,池田市,イケダシ,1218
1219,27,箕面市,ミノオシ,1219
1220,27,吹田市,スイタシ,1220
1221,27,大阪市東成区,オオサカシヒガシナリク,1221
1222,27,大阪市福島区,オオサカシフクシマク,1222
1223,27,大阪市北区,オオサカシキタク,1223
1224,27,大阪市都島区,オオサカシミヤコジマク,1224
1225,27,大阪市城東区,オオサカシジョウトウク,1225
1226,27,大阪市生野区,オオサカシイクノク,1226
1227,27,泉南郡田尻町,センナングンタジリチョウ,1227
1228,27,羽曳野市,ハビキノシ,1228
1229,27,大阪市大正区,オオサカシタイショウク,1229
1230,27,河内長野市,カワチナガノシ,1230
1231,27,藤井寺市,フジイデラシ,1231
1232,27,阪南市,ハンナンシ,1232
1233,27,大阪市西成区,オオサカシニシナリク,1233
1234,27,豊中市,トヨナカシ,1234
1235,27,堺市堺区,サカイシサカイク,1235
1236,27,大阪市中央区,オオサカシチュウオウク,1236
1237,27,堺市東区,サカイシヒガシク,1237
1238,27,三島郡島本町,ミシマグンシマモトチョウ,1238
1239,27,交野市,カタノシ,1239
1240,27,泉大津市,イズミオオツシ,1240
1241,27,四條畷市,シジョウナワテシ,1241
1242,27,大阪市平野区,オオサカシヒラノク,1242
1243,27,枚方市,ヒラカタシ,1243
1244,27,泉南郡岬町,センナングンミサキチョウ,1244
1245,27,東大阪市,ヒガシオオサカシ,1245
1246,27,大阪市西区,オオサカシニシク,1246
1247,27,柏原市,カシワラシ,1247
1248,27,八尾市,ヤオシ,1248
1249,27,堺市北区,サカイシキタク,1249
1250,27,大阪市港区,オオサカシミナトク,1250
1251,27,寝屋川市,ネヤガワシ,1251
1252,27,守口市,モリグチシ,1252
1253,27,泉南市,センナンシ,1253
1254,27,茨木市,イバラキシ,1254
1255,27,大阪市浪速区,オオサカシナニワク,1255
1256,27,大東市,ダイトウシ,1256
1257,27,南河内郡太子町,ミナミカワチグンタイシチョウ,1257
1258,27,高石市,タカイシシ,1258
1259,27,大阪市天王寺区,オオサカシテンノウジク,1259
1260,27,大阪市阿倍野区,オオサカシアベノク,1260
1261,27,堺市中区,サカイシナカク,1261
1262,27,松原市,マツバラシ,1262
1263,27,大阪狭山市,オオサカサヤマシ,1263
1264,27,大阪市住之江区,オオサカシスミノエク,1264
1265,27,堺市美原区,サカイシミハラク,1265
1266,27,門真市,カドマシ,1266
1267,27,南河内郡河南町,ミナミカワチグンカナンチョウ,1267
1268,27,泉北郡忠岡町,センボクグンタダオカチョウ,1268
1269,27,大阪市東淀川区,オオサカシヒガシヨドガワク,1269
1270,27,大阪市旭区,オオサカシアサヒク,1270
1271,27,大阪市住吉区,オオサカシスミヨシク,1271
1272,27,大阪市淀川区,オオサカシヨドガワク,1272
1273,27,貝塚市,カイヅカシ,1273
1274,27,高槻市,タカツキシ,1274
1275,27,堺市西区,サカイシニシク,1275
1276,27,富田林市,トンダバヤシシ,1276
1277,27,南河内郡千早赤阪村,ミナミカワチグンチハヤアカサカムラ,1277
1278,27,泉佐野市,イズミサノシ,1278
1279,27,岸和田市,キシワダシ,1279
1280,27,泉南郡熊取町,センナングンクマトリチョウ,1280
1281,27,大阪市西淀川区,オオサカシニシヨドガワク,1281
1282,27,大阪市東住吉区,オオサカシヒガシスミヨシク,1282
1283,27,大阪市此花区,オオサカシコノハナク,1283
1284,27,豊能郡能勢町,トヨノグンノセチョウ,1284
1285,27,摂津市,セッツシ,1285
1286,27,和泉市,イズミシ,1286
1287,28,赤穂郡上郡町,アコウグンカミゴオリチョウ,1287
1288,28,神戸市北区,コウベシキタク,1288
1289,28,神崎郡神河町,カンザキグンカミカワチョウ,1289
1290,28,小野市,オノシ,1290
1291,28,明石市,アカシシ,1291
1292,28,神戸市東灘区,コウベシヒガシナダク,1292
1293,28,相生市,アイオイシ,1293
1294,28,神崎郡福崎町,カンザキグンフクサキチョウ,1294
1295,28,宍粟市,シソウシ,1295
1296,28,三木市,ミキシ,1296
1297,28,美方郡新温泉町,ミカタグンシンオンセンチョウ,1297
1298,28,芦屋市,アシヤシ,1298
1299,28,加東市,カトウシ,1299
1300,28,赤穂市,アコウシ,1300
1301,28,養父市,ヤブシ,1301
1302,28,三田市,サンダシ,1302
1303,28,神戸市長田区,コウベシナガタク,1303
1304,28,神戸市中央区,コウベシチュウオウク,1304
1305,28,西宮市,ニシノミヤシ,1305
1306,28,西脇市,ニシワキシ,1306
1307,28,加西市,カサイシ,1307
1308,28,尼崎市,アマガサキシ,1308
1309,28,加古川市,カコガワシ,1309
1310,28,丹波篠山市,タンバササヤマシ,1310
1311,28,加古郡播磨町,カコグンハリマチョウ,1311
1312,28,加古郡稲美町,カコグンイナミチョウ,1312
1313,28,高砂市,タカサゴシ,1313
1314,28,洲本市,スモトシ,1314
1315,28,美方郡香美町,ミカタグンカミチョウ,1315
1316,28,朝来市,アサゴシ,1316
1317,28,神戸市西区,コウベシニシク,1317
1318,28,淡路市,アワジシ,1318
1319,28,豊岡市,トヨオカシ,1319
1320,28,姫路市,ヒメジシ,1320
1321,28,神戸市垂水区,コウベシタルミク,1321
1322,28,南あわじ市,ミナミアワジシ,1322
1323,28,川西市,カワニシシ,1323
1324,28,神戸市須磨区,コウベシスマク,1324
1325,28,佐用郡佐用町,サヨウグンサヨウチョウ,1325
1326,28,川辺郡猪名川町,カワベグンイナガワチョウ,1326
1327,28,揖保郡太子町,イボグンタイシチョウ,1327
1328,28,宝塚市,タカラヅカシ,1328
1329,28,神戸市灘区,コウベシナダク,1329
1330,28,篠山市,ササヤマシ,1330
1331,28,神崎郡市川町,カンザキグンイチカワチョウ,1331
1332,28,丹波市,タンバシ,1332
1333,28,たつの市,タツノシ,1333
1334,28,多可郡多可町,タカグンタカチョウ,1334
1335,28,神戸市兵庫区,コウベシヒョウゴク,1335
1336,28,伊丹市,イタミシ,1336
1337,29,吉野郡野迫川村,ヨシノグンノセガワムラ,1337
1338,29,香芝市,カシバシ,1338
1339,29,宇陀郡御杖村,ウダグンミツエムラ,1339
1340,29,生駒郡平群町,イコマグンヘグリチョウ,1340
1341,29,桜井市,サクライシ,1341
1342,29,北葛城郡王寺町,キタカツラギグンオウジチョウ,1342
1343,29,吉野郡黒滝村,ヨシノグンクロタキムラ,1343
1344,29,北葛城郡上牧町,キタカツラギグンカンマキチョウ,1344
1345,29,吉野郡十津川村,ヨシノグントツカワムラ,1345
1346,29,北葛城郡河合町,キタカツラギグンカワイチョウ,1346
1347,29,高市郡明日香村,タカイチグンアスカムラ,1347
1348,29,天理市,テンリシ,1348
1349,29,北葛城郡広陵町,キタカツラギグンコウリョウチョウ,1349
1350,29,吉野郡上北山村,ヨシノグンカミキタヤマムラ,1350
1351,29,大和高田市,ヤマトタカダシ,1351
1352,29,五條市,ゴジョウシ,1352
1353,29,吉野郡下北山村,ヨシノグンシモキタヤマムラ,1353
1354,29,宇陀市,ウダシ,1354
1355,29,磯城郡田原本町,シキグンタワラモトチョウ,1355
1356,29,生駒郡斑鳩町,イコマグンイカルガチョウ,1356
1357,29,宇陀郡曽爾村,ウダグンソニムラ,1357
1358,29,吉野郡東吉野村,ヨシノグンヒガシヨシノムラ,1358
1359,29,生駒郡三郷町,イコマグンサンゴウチョウ,1359
1360,29,吉野郡吉野町,ヨシノグンヨシノチョウ,1360
1361,29,御所市,ゴセシ,1361
1362,29,磯城郡川西町,シキグンカワニシチョウ,1362
1363,29,磯城郡三宅町,シキグンミヤケチョウ,1363
1364,29,山辺郡山添村,ヤマベグンヤマゾエムラ,1364
1365,29,大和郡山市,ヤマトコオリヤマシ,1365
1366,29,吉野郡川上村,ヨシノグンカワカミムラ,1366
1367,29,生駒市,イコマシ,1367
1368,29,吉野郡下市町,ヨシノグンシモイチチョウ,1368
1369,29,生駒郡安堵町,イコマグンアンドチョウ,1369
1370,29,奈良市,ナラシ,1370
1371,29,橿原市,カシハラシ,1371
1372,29,吉野郡大淀町,ヨシノグンオオヨドチョウ,1372
1373,29,葛城市,カツラギシ,1373
1374,29,高市郡高取町,タカイチグンタカトリチョウ,1374
1375,29,吉野郡天川村,ヨシノグンテンカワムラ,1375
1376,30,有田郡広川町,アリダグンヒロガワチョウ,1376
1377,30,東牟婁郡太地町,ヒガシムログンタイジチョウ,1377
1378,30,海南市,カイナンシ,1378
1379,30,伊都郡かつらぎ町,イトグンカツラギチョウ,1379
1380,30,日高郡由良町,ヒダカグンユラチョウ,1380
1381,30,伊都郡九度山町,イトグンクドヤマチョウ,1381
1382,30,日高郡日高町,ヒダカグンヒダカチョウ,1382
1383,30,東牟婁郡古座川町,ヒガシムログンコザガワチョウ,1383
1384,30,新宮市,シングウシ,1384
1385,30,西牟婁郡白浜町,ニシムログンシラハマチョウ,1385
1386,30,御坊市,ゴボウシ,1386
1387,30,伊都郡高野町,イトグンコウヤチョウ,1387
1388,30,海草郡紀美野町,カイソウグンキミノチョウ,1388
1389,30,有田郡湯浅町,アリダグンユアサチョウ,1389
1390,30,東牟婁郡串本町,ヒガシムログンクシモトチョウ,1390
1391,30,橋本市,ハシモトシ,1391
1392,30,和歌山市,ワカヤマシ,1392
1393,30,日高郡みなべ町,ヒダカグンミナベチョウ,1393
1394,30,有田市,アリダシ,1394
1395,30,日高郡美浜町,ヒダカグンミハマチョウ,1395
1396,30,日高郡日高川町,ヒダカグンヒダカガワチョウ,1396
1397,30,岩出市,イワデシ,1397
1398,30,東牟婁郡那智勝浦町,ヒガシムログンナチカツウラチョウ,1398
1399,30,西牟婁郡上富田町,ニシムログンカミトンダチョウ,1399
1400,30,日高郡印南町,ヒダカグンイナミチョウ,1400
1401,30,西牟婁郡すさみ町,ニシムログンスサミチョウ,1401
1402,30,東牟婁郡北山村,ヒガシムログンキタヤマムラ,1402
1403,30,田辺市,タナベシ,1403
1404,30,紀の川市,キノカワシ,1404
1405,30,有田郡有田川町,アリダグンアリダガワチョウ,1405
1406,31,境港市,サカイミナトシ,1406
1407,31,西伯郡日吉津村,サイハクグンヒエヅソン,1407
1408,31,東伯郡琴浦町,トウハクグンコトウラチョウ,1408
1409,31,東伯郡北栄町,トウハクグンホクエイチョウ,1409
1410,31,岩美郡岩美町,イワミグンイワミチョウ,1410
1411,31,西伯郡南部町,サイハクグンナンブチョウ,1411
1412,31,八頭郡智頭町,ヤズグンチヅチョウ,1412
1413,31,西伯郡大山町,サイハクグンダイセンチョウ,1413
1414,31,日野郡日野町,ヒノグンヒノチョウ,1414
1415,31,東伯郡湯梨浜町,トウハクグンユリハマチョウ,1415
1416,31,西伯郡伯耆町,サイハクグンホウキチョウ,1416
1417,31,日野郡日南町,ヒノグンニチナンチョウ,1417
1418,31,八頭郡八頭町,ヤズグンヤズチョウ,1418
1419,31,鳥取市,トットリシ,1419
1420,31,日野郡江府町,ヒノグンコウフチョウ,1420
1421,31,米子市,ヨナゴシ,1421
1422,31,東伯郡三朝町,トウハクグンミササチョウ,1422
1423,31,倉吉市,クラヨシシ,1423
1424,31,八頭郡若桜町,ヤズグンワカサチョウ,1424
1425,32,飯石郡飯南町,イイシグンイイナンチョウ,1425
1426,32,出雲市,イズモシ,1426
1427,32,大田市,オオダシ,1427
1428,32,邑智郡邑南町,オオチグンオオナンチョウ,1428
1429,32,江津市,ゴウツシ,1429
1430,32,隠岐郡知夫村,オキグンチブムラ,1430
1431,32,隠岐郡西ノ島町,オキグンニシノシマチョウ,1431
1432,32,鹿足郡津和野町,カノアシグンツワノチョウ,1432
1433,32,邑智郡美郷町,オオチグンミサトチョウ,1433
1434,32,松江市,マツエシ,1434
1435,32,邑智郡川本町,オオチグンカワモトマチ,1435
1436,32,鹿足郡吉賀町,カノアシグンヨシカチョウ,1436
1437,32,仁多郡奥出雲町,ニタグンオクイズモチョウ,1437
1438,32,浜田市,ハマダシ,1438
1439,32,隠岐郡隠岐の島町,オキグンオキノシマチョウ,1439
1440,32,益田市,マスダシ,1440
1441,32,安来市,ヤスギシ,1441
1442,32,隠岐郡海士町,オキグンアマチョウ,1442
1443,32,雲南市,ウンナンシ,1443
1444,33,岡山市中区,オカヤマシナカク,1444
1445,33,久米郡美咲町,クメグンミサキチョウ,1445
1446,33,玉野市,タマノシ,1446
1447,33,勝田郡奈義町,カツタグンナギチョウ,1447
1448,33,都窪郡早島町,ツクボグンハヤシマチョウ,1448
1449,33,津山市,ツヤマシ,1449
1450,33,英田郡西粟倉村,アイダグンニシアワクラソン,1450
1451,33,岡山市東区,オカヤマシヒガシク,1451
1452,33,和気郡和気町,ワケグンワケチョウ,1452
1453,33,小田郡矢掛町,オダグンヤカゲチョウ,1453
1454,33,井原市,イバラシ,1454
1455,33,笠岡市,カサオカシ,1455
1456,33,赤磐市,アカイワシ,1456
1457,33,真庭郡新庄村,マニワグンシンジョウソン,1457
1458,33,岡山市南区,オカヤマシミナミク,1458
1459,33,新見市,ニイミシ,1459
1460,33,美作市,ミマサカシ,1460
1461,33,苫田郡鏡野町,トマタグンカガミノチョウ,1461
1462,33,久米郡久米南町,クメグンクメナンチョウ,1462
1463,33,浅口郡里庄町,アサクチグンサトショウチョウ,1463
1464,33,備前市,ビゼンシ,1464
1465,33,加賀郡吉備中央町,カガグンキビチュウオウチョウ,1465
1466,33,高梁市,タカハシシ,1466
1467,33,総社市,ソウジャシ,1467
1468,33,勝田郡勝央町,カツタグンショウオウチョウ,1468
1469,33,真庭市,マニワシ,1469
1470,33,浅口市,アサクチシ,1470
1471,33,岡山市北区,オカヤマシキタク,1471
1472,33,瀬戸内市,セトウチシ,1472
1473,33,倉敷市,クラシキシ,1473
1474,34,安芸郡海田町,アキグンカイタチョウ,1474
1475,34,江田島市,エタジマシ,1475
1476,34,広島市中区,ヒロシマシナカク,1476
1477,34,広島市佐伯区,ヒロシマシサエキク,1477
1478,34,三原市,ミハラシ,1478
1479,34,広島市東区,ヒロシマシヒガシク,1479
1480,34,山県郡北広島町,ヤマガタグンキタヒロシマチョウ,1480
1481,34,広島市安佐北区,ヒロシマシアサキタク,1481
1482,34,庄原市,ショウバラシ,1482
1483,34,安芸郡坂町,アキグンサカチョウ,1483
1484,34,廿日市市,ハツカイチシ,1484
1485,34,福山市,フクヤマシ,1485
1486,34,府中市,フチュウシ,1486
1487,34,山県郡安芸太田町,ヤマガタグンアキオオタチョウ,1487
1488,34,呉市,クレシ,1488
1489,34,広島市南区,ヒロシマシミナミク,1489
1490,34,広島市安佐南区,ヒロシマシアサミナミク,1490
1491,34,神石郡神石高原町,ジンセキグンジンセキコウゲンチョウ,1491
1492,34,安芸郡熊野町,アキグンクマノチョウ,1492
1493,34,竹原市,タケハラシ,1493
1494,34,大竹市,オオタケシ,1494
1495,34,尾道市,オノミチシ,1495
1496,34,広島市西区,ヒロシマシニシク,1496
1497,34,安芸高田市,アキタカタシ,1497
1498,34,広島市安芸区,ヒロシマシアキク,1498
1499,34,安芸郡府中町,アキグンフチュウチョウ,1499
1500,34,世羅郡世羅町,セラグンセラチョウ,1500
1501,34,三次市,ミヨシシ,1501
1502,34,東広島市,ヒガシヒロシマシ,1502
1503,34,豊田郡大崎上島町,トヨタグンオオサキカミジマチョウ,1503
1504,35,阿武郡阿武町,アブグンアブチョウ,1504
1505,35,熊毛郡上関町,クマゲグンカミノセキチョウ,1505
1506,35,下松市,クダマツシ,1506
1507,35,防府市,ホウフシ,1507
1508,35,熊毛郡田布施町,クマゲグンタブセチョウ,1508
1509,35,美祢市,ミネシ,1509
1510,35,山陽小野田市,サンヨウオノダシ,1510
1511,35,岩国市,イワクニシ,1511
1512,35,玖珂郡和木町,クガグンワキチョウ,1512
1513,35,下関市,シモノセキシ,1513
1514,35,柳井市,ヤナイシ,1514
1515,35,周南市,シュウナンシ,1515
1516,35,宇部市,ウベシ,1516
1517,35,大島郡周防大島町,オオシマグンスオウオオシマチョウ,1517
1518,35,萩市,ハギシ,1518
1519,35,山口市,ヤマグチシ,1519
1520,35,長門市,ナガトシ,1520
1521,35,熊毛郡平生町,クマゲグンヒラオチョウ,1521
1522,35,光市,ヒカリシ,1522
1523,36,小松島市,コマツシマシ,1523
1524,36,板野郡藍住町,イタノグンアイズミチョウ,1524
1525,36,吉野川市,ヨシノガワシ,1525
1526,36,美馬市,ミマシ,1526
1527,36,阿波市,アワシ,1527
1528,36,板野郡上板町,イタノグンカミイタチョウ,1528
1529,36,阿南市,アナンシ,1529
1530,36,海部郡海陽町,カイフグンカイヨウチョウ,1530
1531,36,三好市,ミヨシシ,1531
1532,36,名東郡佐那河内村,ミョウドウグンサナゴウチソン,1532
1533,36,海部郡牟岐町,カイフグンムギチョウ,1533
1534,36,鳴門市,ナルトシ,1534
1535,36,徳島市,トクシマシ,1535
1536,36,美馬郡つるぎ町,ミマグンツルギチョウ,1536
1537,36,那賀郡那賀町,ナカグンナカチョウ,1537
1538,36,勝浦郡勝浦町,カツウラグンカツウラチョウ,1538
1539,36,板野郡板野町,イタノグンイタノチョウ,1539
1540,36,海部郡美波町,カイフグンミナミチョウ,1540
1541,36,名西郡神山町,ミョウザイグンカミヤマチョウ,1541
1542,36,板野郡松茂町,イタノグンマツシゲチョウ,1542
1543,36,名西郡石井町,ミョウザイグンイシイチョウ,1543
1544,36,勝浦郡上勝町,カツウラグンカミカツチョウ,1544
1545,36,板野郡北島町,イタノグンキタジマチョウ,1545
1546,36,三好郡東みよし町,ミヨシグンヒガシミヨシチョウ,1546
1547,37,小豆郡土庄町,ショウズグントノショウチョウ,1547
1548,37,高松市,タカマツシ,1548
1549,37,香川郡直島町,カガワグンナオシマチョウ,1549
1550,37,木田郡三木町,キタグンミキチョウ,1550
1551,37,丸亀市,マルガメシ,1551
1552,37,さぬき市,サヌキシ,1552
1553,37,仲多度郡琴平町,ナカタドグンコトヒラチョウ,1553
1554,37,東かがわ市,ヒガシカガワシ,1554
1555,37,仲多度郡まんのう町,ナカタドグンマンノウチョウ,1555
1556,37,坂出市,サカイデシ,1556
1557,37,小豆郡小豆島町,ショウズグンショウドシマチョウ,1557
1558,37,観音寺市,カンオンジシ,1558
1559,37,三豊市,ミトヨシ,1559
1560,37,綾歌郡宇多津町,アヤウタグンウタヅチョウ,1560
1561,37,善通寺市,ゼンツウジシ,1561
1562,37,仲多度郡多度津町,ナカタドグンタドツチョウ,1562
1563,37,綾歌郡綾川町,アヤウタグンアヤガワチョウ,1563
1564,38,北宇和郡松野町,キタウワグンマツノチョウ,1564
1565,38,宇和島市,ウワジマシ,1565
1566,38,伊予市,イヨシ,1566
1567,38,西予市,セイヨシ,1567
1568,38,新居浜市,ニイハマシ,1568
1569,38,越智郡上島町,オチグンカミジマチョウ,1569
1570,38,四国中央市,シコクチュウオウシ,1570
1571,38,八幡浜市,ヤワタハマシ,1571
1572,38,喜多郡内子町,キタグンウチコチョウ,1572
1573,38,伊予郡砥部町,イヨグントベチョウ,1573
1574,38,大洲市,オオズシ,1574
1575,38,北宇和郡鬼北町,キタウワグンキホクチョウ,1575
1576,38,西宇和郡伊方町,ニシウワグンイカタチョウ,1576
1577,38,東温市,トウオンシ,1577
1578,38,今治市,イマバリシ,1578
1579,38,南宇和郡愛南町,ミナミウワグンアイナンチョウ,1579
1580,38,伊予郡松前町,イヨグンマサキチョウ,1580
1581,38,松山市,マツヤマシ,1581
1582,38,上浮穴郡久万高原町,カミウケナグンクマコウゲンチョウ,1582
1583,38,西条市,サイジョウシ,1583
1584,39,南国市,ナンコクシ,1584
1585,39,幡多郡黒潮町,ハタグンクロシオチョウ,1585
1586,39,土佐郡土佐町,トサグントサチョウ,1586
1587,39,吾川郡いの町,アガワグンイノチョウ,1587
1588,39,高岡郡日高村,タカオカグンヒダカムラ,1588
1589,39,安芸郡馬路村,アキグンウマジムラ,1589
1590,39,香南市,コウナンシ,1590
1591,39,高岡郡越知町,タカオカグンオチチョウ,1591
1592,39,長岡郡大豊町,ナガオカグンオオトヨチョウ,1592
1593,39,安芸郡奈半利町,アキグンナハリチョウ,1593
1594,39,高岡郡檮原町,タカオカグンユスハラチョウ,1594
1595,39,高岡郡四万十町,タカオカグンシマントチョウ,1595
1596,39,長岡郡本山町,ナガオカグンモトヤマチョウ,1596
1597,39,幡多郡三原村,ハタグンミハラムラ,1597
1598,39,安芸郡田野町,アキグンタノチョウ,1598
1599,39,室戸市,ムロトシ,1599
1600,39,須崎市,スサキシ,1600
1601,39,香美市,カミシ,1601
1602,39,四万十市,シマントシ,1602
1603,39,高岡郡佐川町,タカオカグンサカワチョウ,1603
1604,39,安芸郡芸西村,アキグンゲイセイムラ,1604
1605,39,高岡郡中土佐町,タカオカグンナカトサチョウ,1605
1606,39,安芸郡安田町,アキグンヤスダチョウ,1606
1607,39,土佐郡大川村,トサグンオオカワムラ,1607
1608,39,安芸市,アキシ,1608
1609,39,幡多郡大月町,ハタグンオオツキチョウ,1609
1610,39,高岡郡津野町,タカオカグンツノチョウ,1610
1611,39,土佐清水市,トサシミズシ,1611
1612,39,吾川郡仁淀川町,アガワグンニヨドガワチョウ,1612
1613,39,安芸郡北川村,アキグンキタガワムラ,1613
1614,39,宿毛市,スクモシ,1614
1615,39,土佐市,トサシ,1615
1616,39,高知市,コウチシ,1616
1617,39,安芸郡東洋町,アキグントウヨウチョウ,1617
1618,40,直方市,ノオガタシ,1618
1619,40,遠賀郡遠賀町,オンガグンオンガチョウ,1619
1620,40,田川郡添田町,タガワグンソエダマチ,1620
1621,40,福岡市西区,フクオカシニシク,1621
1622,40,飯塚市,イイヅカシ,1622
1623,40,八女郡広川町,ヤメグンヒロカワマチ,1623
1624,40,筑紫野市,チクシノシ,1624
1625,40,朝倉市,アサクラシ,1625
1626,40,築上郡上毛町,チクジョウグンコウゲマチ,1626
1627,40,福岡市東区,フクオカシヒガシク,1627
1628,40,福岡市城南区,フクオカシジョウナンク,1628
1629,40,宮若市,ミヤワカシ,1629
1630,40,太宰府市,ダザイフシ,1630
1631,40,福津市,フクツシ,1631
1632,40,三井郡大刀洗町,ミイグンタチアライマチ,1632
1633,40,柳川市,ヤナガワシ,1633
1634,40,田川市,タガワシ,1634
1635,40,嘉穂郡桂川町,カホグンケイセンマチ,1635
1636,40,糟屋郡須惠町,カスヤグンスエマチ,1636
1637,40,久留米市,クルメシ,1637
1638,40,糟屋郡新宮町,カスヤグンシングウマチ,1638
1639,40,遠賀郡芦屋町,オンガグンアシヤマチ,1639
1640,40,小郡市,オゴオリシ,1640
1641,40,朝倉郡筑前町,アサクラグンチクゼンマチ,1641
1642,40,うきは市,ウキハシ,1642
1643,40,鞍手郡鞍手町,クラテグンクラテマチ,1643
1644,40,北九州市八幡西区,キタキュウシュウシヤハタニシク,1644
1645,40,糟屋郡志免町,カスヤグンシメマチ,1645
1646,40,田川郡川崎町,タガワグンカワサキマチ,1646
1647,40,北九州市小倉北区,キタキュウシュウシコクラキタク,1647
1648,40,大野城市,オオノジョウシ,1648
1649,40,北九州市小倉南区,キタキュウシュウシコクラミナミク,1649
1650,40,糸島市,イトシマシ,1650
1651,40,豊前市,ブゼンシ,1651
1652,40,北九州市若松区,キタキュウシュウシワカマツク,1652
1653,40,田川郡糸田町,タガワグンイトダマチ,1653
1654,40,糟屋郡宇美町,カスヤグンウミマチ,1654
1655,40,福岡市中央区,フクオカシチュウオウク,1655
1656,40,宗像市,ムナカタシ,1656
1657,40,京都郡苅田町,ミヤコグンカンダマチ,1657
1658,40,中間市,ナカマシ,1658
1659,40,八女市,ヤメシ,1659
1660,40,遠賀郡水巻町,オンガグンミズマキマチ,1660
1661,40,三潴郡大木町,ミズマグンオオキマチ,1661
1662,40,春日市,カスガシ,1662
1663,40,北九州市戸畑区,キタキュウシュウシトバタク,1663
1664,40,古賀市,コガシ,1664
1665,40,糟屋郡篠栗町,カスヤグンササグリマチ,1665
1666,40,福岡市博多区,フクオカシハカタク,1666
1667,40,築上郡吉富町,チクジョウグンヨシトミマチ,1667
1668,40,京都郡みやこ町,ミヤコグンミヤコマチ,1668
1669,40,田川郡大任町,タガワグンオオトウマチ,1669
1670,40,田川郡福智町,タガワグンフクチマチ,1670
1671,40,福岡市早良区,フクオカシサワラク,1671
1672,40,大川市,オオカワシ,1672
1673,40,福岡市南区,フクオカシミナミク,1673
1674,40,糟屋郡粕屋町,カスヤグンカスヤマチ,1674
1675,40,遠賀郡岡垣町,オンガグンオカガキマチ,1675
1676,40,糟屋郡久山町,カスヤグンヒサヤママチ,1676
1677,40,みやま市,ミヤマシ,1677
1678,40,朝倉郡東峰村,アサクラグントウホウムラ,1678
1679,40,那珂川市,ナカガワシ,1679
1680,40,筑後市,チクゴシ,1680
1681,40,田川郡香春町,タガワグンカワラマチ,1681
1682,40,大牟田市,オオムタシ,1682
1683,40,鞍手郡小竹町,クラテグンコタケマチ,1683
1684,40,築上郡築上町,チクジョウグンチクジョウマチ,1684
1685,40,行橋市,ユクハシシ,1685
1686,40,田川郡赤村,タガワグンアカムラ,1686
1687,40,北九州市門司区,キタキュウシュウシモジク,1687
1688,40,北九州市八幡東区,キタキュウシュウシヤハタヒガシク,1688
1689,40,嘉麻市,カマシ,1689
1690,40,筑紫郡那珂川町,チクシグンナカガワマチ,1690
1691,41,多久市,タクシ,1691
1692,41,佐賀市,サガシ,1692
1693,41,杵島郡江北町,キシマグンコウホクマチ,1693
1694,41,杵島郡大町町,キシマグンオオマチチョウ,1694
1695,41,三養基郡みやき町,ミヤキグンミヤキチョウ,1695
1696,41,東松浦郡玄海町,ヒガシマツウラグンゲンカイチョウ,1696
1697,41,嬉野市,ウレシノシ,1697
1698,41,鳥栖市,トスシ,1698
1699,41,唐津市,カラツシ,1699
1700,41,神埼市,カンザキシ,1700
1701,41,伊万里市,イマリシ,1701
1702,41,西松浦郡有田町,ニシマツウラグンアリタチョウ,1702
1703,41,三養基郡上峰町,ミヤキグンカミミネチョウ,1703
1704,41,小城市,オギシ,1704
1705,41,三養基郡基山町,ミヤキグンキヤマチョウ,1705
1706,41,武雄市,タケオシ,1706
1707,41,杵島郡白石町,キシマグンシロイシチョウ,1707
1708,41,藤津郡太良町,フジツグンタラチョウ,1708
1709,41,神埼郡吉野ヶ里町,カンザキグンヨシノガリチョウ,1709
1710,41,鹿島市,カシマシ,1710
1711,42,西彼杵郡長与町,ニシソノギグンナガヨチョウ,1711
1712,42,平戸市,ヒラドシ,1712
1713,42,諫早市,イサハヤシ,1713
1714,42,東彼杵郡東彼杵町,ヒガシソノギグンヒガシソノギチョウ,1714
1715,42,南島原市,ミナミシマバラシ,1715
1716,42,西海市,サイカイシ,1716
1717,42,北松浦郡佐々町,キタマツウラグンサザチョウ,1717
1718,42,佐世保市,サセボシ,1718
1719,42,対馬市,ツシマシ,1719
1720,42,東彼杵郡波佐見町,ヒガシソノギグンハサミチョウ,1720
1721,42,大村市,オオムラシ,1721
1722,42,北松浦郡小値賀町,キタマツウラグンオヂカチョウ,1722
1723,42,雲仙市,ウンゼンシ,1723
1724,42,西彼杵郡時津町,ニシソノギグントギツチョウ,1724
1725,42,東彼杵郡川棚町,ヒガシソノギグンカワタナチョウ,1725
1726,42,長崎市,ナガサキシ,1726
1727,42,五島市,ゴトウシ,1727
1728,42,南松浦郡新上五島町,ミナミマツウラグンシンカミゴトウチョウ,1728
1729,42,松浦市,マツウラシ,1729
1730,42,島原市,シマバラシ,1730
1731,42,壱岐市,イキシ,1731
1732,43,玉名郡長洲町,タマナグンナガスマチ,1732
1733,43,球磨郡湯前町,クマグンユノマエマチ,1733
1734,43,阿蘇郡小国町,アソグンオグニマチ,1734
1735,43,玉名郡和水町,タマナグンナゴミマチ,1735
1736,43,人吉市,ヒトヨシシ,1736
1737,43,球磨郡山江村,クマグンヤマエムラ,1737
1738,43,阿蘇郡西原村,アソグンニシハラムラ,1738
1739,43,球磨郡錦町,クマグンニシキマチ,1739
1740,43,水俣市,ミナマタシ,1740
1741,43,天草郡苓北町,アマクサグンレイホクマチ,1741
1742,43,阿蘇郡南阿蘇村,アソグンミナミアソムラ,1742
1743,43,熊本市南区,クマモトシミナミク,1743
1744,43,宇城市,ウキシ,1744
1745,43,阿蘇郡高森町,アソグンタカモリマチ,1745
1746,43,上益城郡甲佐町,カミマシキグンコウサマチ,1746
1747,43,山鹿市,ヤマガシ,1747
1748,43,阿蘇郡産山村,アソグンウブヤマムラ,1748
1749,43,菊池市,キクチシ,1749
1750,43,球磨郡多良木町,クマグンタラギマチ,1750
1751,43,天草市,アマクサシ,1751
1752,43,玉名郡南関町,タマナグンナンカンマチ,1752
1753,43,玉名市,タマナシ,1753
1754,43,下益城郡美里町,シモマシキグンミサトマチ,1754
1755,43,阿蘇郡南小国町,アソグンミナミオグニマチ,1755
1756,43,球磨郡水上村,クマグンミズカミムラ,1756
1757,43,上益城郡御船町,カミマシキグンミフネマチ,1757
1758,43,熊本市中央区,クマモトシチュウオウク,1758
1759,43,熊本市北区,クマモトシキタク,1759
1760,43,菊池郡大津町,キクチグンオオヅマチ,1760
1761,43,葦北郡芦北町,アシキタグンアシキタマチ,1761
1762,43,熊本市西区,クマモトシニシク,1762
1763,43,荒尾市,アラオシ,1763
1764,43,葦北郡津奈木町,アシキタグンツナギマチ,1764
1765,43,球磨郡あさぎり町,クマグンアサギリチョウ,1765
1766,43,球磨郡球磨村,クマグンクマムラ,1766
1767,43,上益城郡嘉島町,カミマシキグンカシママチ,1767
1768,43,合志市,コウシシ,1768
1769,43,上天草市,カミアマクサシ,1769
1770,43,球磨郡五木村,クマグンイツキムラ,1770
1771,43,八代市,ヤツシロシ,1771
1772,43,宇土市,ウトシ,1772
1773,43,上益城郡山都町,カミマシキグンヤマトチョウ,1773
1774,43,熊本市東区,クマモトシヒガシク,1774
1775,43,球磨郡相良村,クマグンサガラムラ,1775
1776,43,上益城郡益城町,カミマシキグンマシキマチ,1776
1777,43,玉名郡玉東町,タマナグンギョクトウマチ,1777
1778,43,八代郡氷川町,ヤツシログンヒカワチョウ,1778
1779,43,菊池郡菊陽町,キクチグンキクヨウマチ,1779
1780,43,阿蘇市,アソシ,1780
1781,44,津久見市,ツクミシ,1781
1782,44,豊後高田市,ブンゴタカダシ,1782
1783,44,別府市,ベップシ,1783
1784,44,大分市,オオイタシ,1784
1785,44,玖珠郡九重町,クスグンココノエマチ,1785
1786,44,杵築市,キツキシ,1786
1787,44,豊後大野市,ブンゴオオノシ,1787
1788,44,国東市,クニサキシ,1788
1789,44,宇佐市,ウサシ,1789
1790,44,由布市,ユフシ,1790
1791,44,臼杵市,ウスキシ,1791
1792,44,佐伯市,サイキシ,1792
1793,44,東国東郡姫島村,ヒガシクニサキグンヒメシマムラ,1793
1794,44,竹田市,タケタシ,1794
1795,44,日田市,ヒタシ,1795
1796,44,速見郡日出町,ハヤミグンヒジマチ,1796
1797,44,玖珠郡玖珠町,クスグンクスマチ,1797
1798,44,中津市,ナカツシ,1798
1799,45,東諸県郡綾町,ヒガシモロカタグンアヤチョウ,1799
1800,45,都城市,ミヤコノジョウシ,1800
1801,45,児湯郡川南町,コユグンカワミナミチョウ,1801
1802,45,東臼杵郡門川町,ヒガシウスキグンカドガワチョウ,1802
1803,45,延岡市,ノベオカシ,1803
1804,45,小林市,コバヤシシ,1804
1805,45,西臼杵郡五ヶ瀬町,ニシウスキグンゴカセチョウ,1805
1806,45,児湯郡西米良村,コユグンニシメラソン,1806
1807,45,児湯郡都農町,コユグンツノチョウ,1807
1808,45,東臼杵郡椎葉村,ヒガシウスキグンシイバソン,1808
1809,45,北諸県郡三股町,キタモロカタグンミマタチョウ,1809
1810,45,えびの市,エビノシ,1810
1811,45,串間市,クシマシ,1811
1812,45,東諸県郡国富町,ヒガシモロカタグンクニトミチョウ,1812
1813,45,日南市,ニチナンシ,1813
1814,45,東臼杵郡諸塚村,ヒガシウスキグンモロツカソン,1814
1815,45,児湯郡木城町,コユグンキジョウチョウ,1815
1816,45,西諸県郡高原町,ニシモロカタグンタカハルチョウ,1816
1817,45,日向市,ヒュウガシ,1817
1818,45,児湯郡新富町,コユグンシントミチョウ,1818
1819,45,東臼杵郡美郷町,ヒガシウスキグンミサトチョウ,1819
1820,45,西臼杵郡高千穂町,ニシウスキグンタカチホチョウ,1820
1821,45,児湯郡高鍋町,コユグンタカナベチョウ,1821
1822,45,西臼杵郡日之影町,ニシウスキグンヒノカゲチョウ,1822
1823,45,宮崎市,ミヤザキシ,1823
1824,45,西都市,サイトシ,1824
1825,46,肝属郡東串良町,キモツキグンヒガシクシラチョウ,1825
1826,46,大島郡与論町,オオシマグンヨロンチョウ,1826
1827,46,鹿児島郡三島村,カゴシマグンミシマムラ,1827
1828,46,大島郡大和村,オオシマグンヤマトソン,1828
1829,46,奄美市,アマミシ,1829
1830,46,出水郡長島町,イズミグンナガシマチョウ,1830
1831,46,南さつま市,ミナミサツマシ,1831
1832,46,日置市,ヒオキシ,1832
1833,46,垂水市,タルミズシ,1833
1834,46,熊毛郡屋久島町,クマゲグンヤクシマチョウ,1834
1835,46,肝属郡錦江町,キモツキグンキンコウチョウ,1835
1836,46,鹿児島市,カゴシマシ,1836
1837,46,いちき串木野市,イチキクシキノシ,1837
1838,46,鹿屋市,カノヤシ,1838
1839,46,大島郡天城町,オオシマグンアマギチョウ,1839
1840,46,出水市,イズミシ,1840
1841,46,曽於郡大崎町,ソオグンオオサキチョウ,1841
1842,46,伊佐市,イサシ,1842
1843,46,鹿児島郡十島村,カゴシマグントシマムラ,1843
1844,46,大島郡龍郷町,オオシマグンタツゴウチョウ,1844
1845,46,枕崎市,マクラザキシ,1845
1846,46,大島郡瀬戸内町,オオシマグンセトウチチョウ,1846
1847,46,大島郡和泊町,オオシマグンワドマリチョウ,1847
1848,46,阿久根市,アクネシ,1848
1849,46,肝属郡肝付町,キモツキグンキモツキチョウ,1849
1850,46,熊毛郡南種子町,クマゲグンミナミタネチョウ,1850
1851,46,姶良郡湧水町,アイラグンユウスイチョウ,1851
1852,46,西之表市,ニシノオモテシ,1852
1853,46,肝属郡南大隅町,キモツキグンミナミオオスミチョウ,1853
1854,46,大島郡喜界町,オオシマグンキカイチョウ,1854
1855,46,姶良市,アイラシ,1855
1856,46,薩摩郡さつま町,サツマグンサツマチョウ,1856
1857,46,南九州市,ミナミキュウシュウシ,1857
1858,46,大島郡徳之島町,オオシマグントクノシマチョウ,1858
1859,46,熊毛郡中種子町,クマゲグンナカタネチョウ,1859
1860,46,大島郡伊仙町,オオシマグンイセンチョウ,1860
1861,46,曽於市,ソオシ,1861
1862,46,志布志市,シブシシ,1862
1863,46,指宿市,イブスキシ,1863
1864,46,薩摩川内市,サツマセンダイシ,1864
1865,46,大島郡知名町,オオシマグンチナチョウ,1865
1866,46,大島郡宇検村,オオシマグンウケンソン,1866
1867,46,霧島市,キリシマシ,1867
1868,47,中頭郡嘉手納町,ナカガミグンカデナチョウ,1868
1869,47,名護市,ナゴシ,1869
1870,47,国頭郡金武町,クニガミグンキンチョウ,1870
1871,47,中頭郡読谷村,ナカガミグンヨミタンソン,1871
1872,47,南城市,ナンジョウシ,1872
1873,47,沖縄市,オキナワシ,1873
1874,47,島尻郡粟国村,シマジリグンアグニソン,1874
1875,47,宮古郡多良間村,ミヤコグンタラマソン,1875
1876,47,国頭郡国頭村,クニガミグンクニガミソン,1876
1877,47,国頭郡伊江村,クニガミグンイエソン,1877
1878,47,国頭郡本部町,クニガミグンモトブチョウ,1878
1879,47,那覇市,ナハシ,1879
1880,47,島尻郡与那原町,シマジリグンヨナバルチョウ,1880
1881,47,中頭郡西原町,ナカガミグンニシハラチョウ,1881
1882,47,島尻郡南大東村,シマジリグンミナミダイトウソン,1882
1883,47,島尻郡伊平屋村,シマジリグンイヘヤソン,1883
1884,47,島尻郡座間味村,シマジリグンザマミソン,1884
1885,47,糸満市,イトマンシ,1885
1886,47,島尻郡北大東村,シマジリグンキタダイトウソン,1886
1887,47,八重山郡竹富町,ヤエヤマグンタケトミチョウ,1887
1888,47,島尻郡久米島町,シマジリグンクメジマチョウ,1888
1889,47,島尻郡八重瀬町,シマジリグンヤエセチョウ,1889
1890,47,中頭郡北中城村,ナカガミグンキタナカグスクソン,1890
1891,47,浦添市,ウラソエシ,1891
1892,47,豊見城市,トミグスクシ,1892
1893,47,国頭郡東村,クニガミグンヒガシソン,1893
1894,47,宜野湾市,ギノワンシ,1894
1895,47,中頭郡北谷町,ナカガミグンチャタンチョウ,1895
1896,47,島尻郡渡嘉敷村,シマジリグントカシキソン,1896
1897,47,島尻郡南風原町,シマジリグンハエバルチョウ,1897
1898,47,石垣市,イシガキシ,1898
1899,47,国頭郡宜野座村,クニガミグンギノザソン,1899
1900,47,うるま市,ウルマシ,1900
1901,47,島尻郡伊是名村,シマジリグンイゼナソン,1901
1902,47,島尻郡渡名喜村,シマジリグントナキソン,1902
1903,47,中頭郡中城村,ナカガミグンナカグスクソン,1903
1904,47,国頭郡今帰仁村,クニガミグンナキジンソン,1904
1905,47,宮古島市,ミヤコジマシ,1905
1906,47,国頭郡大宜味村,クニガミグンオオギミソン,1906
1907,47,国頭郡恩納村,クニガミグンオンナソン,1907
1908,47,八重山郡与那国町,ヤエヤマグンヨナグニチョウ,1908